customer_name,reg_date
Dr. Justin Collins DDS,2024-12-25
Justin Solomon,2022-01-08
Elizabeth Mccarthy,2023-05-03
Timothy Weaver,2024-06-04
William Reed,2020-07-28
Michael Turner,2021-12-15
Cindy Robertson,2021-04-11
Sarah Sanchez,2023-02-28
Amy Williams,2024-05-07
Peter Patel,2025-02-25
Timothy Michael,2023-05-31
Patricia Peck,2020-02-13
Timothy Davis,2024-11-21
Scott Owens,2021-04-02
Samantha Davis,2024-12-03
Jeffery Lewis,2024-02-02
Kathleen Wong,2025-04-24
Randy Miller,2022-11-25
Timothy Miller,2020-01-05
Gary White,2023-03-13
Sandra Grant,2021-03-30
Mrs. Mary Woods DDS,2021-02-19
Leslie Spears,2023-10-12
Taylor Sullivan,2020-04-24
Jasmine Evans,2020-05-13
Todd Kirk,2021-12-20
Denise Stone,2024-12-04
Mrs. Morgan Stevens,2021-05-21
Heather Kline,2022-04-12
Jonathan Baxter,2025-07-27
Kevin Collins,2021-12-02
Russell Sherman,2022-03-27
Mitchell Joyce,2022-12-18
Kerri Wall,2021-04-28
James Gomez,2025-06-11
Matthew Diaz,2020-01-17
Joe Wilkins,2024-05-13
Alexandria Page,2021-11-12
Michael Miller,2024-02-20
Desiree Weaver,2024-08-26
Donald Lopez,2021-05-14
Mary Pearson,2020-04-12
Summer Murphy,2020-05-26
Cameron Ramirez,2023-09-26
Jeffrey Mcdowell,2022-06-11
Teresa Gutierrez,2020-01-24
Rebecca Robbins,2023-02-28
Desiree Cuevas,2024-06-16
James Horne,2021-05-21
Phillip Duran,2022-04-24
Mark Reeves,2022-03-14
Katherine Miller,2023-10-16
Howard Carter,2020-03-26
Deanna Johnson,2021-08-18
Colin Harrison,2021-09-11
William Jones,2023-04-10
Aimee Bennett,2022-05-01
Eileen Carson,2025-05-15
Michael Newman,2021-06-14
Craig Morrison,2023-04-29
Steven Sanders,2022-08-06
Tamara Kelley,2022-05-29
Dean Hart,2024-10-09
Brandy Cunningham,2022-12-18
Dr. John Chen MD,2022-05-04
Kayla Patton,2021-02-22
Brian Young,2020-02-08
Charles Sparks,2022-07-04
Maria Moss,2023-02-18
Scott Pham,2022-01-16
Matthew Lucas,2020-07-31
Hannah Herman,2023-04-08
Jose Mcintyre,2021-02-20
Eric Jensen,2023-03-22
Heather Walker,2021-02-05
Samantha Jones,2022-07-26
Shawn Gonzales,2025-08-13
Aaron Boyd,2024-11-14
Brian Rivera,2021-01-05
Tara Cooper,2025-07-31
Jackie Clark,2023-02-17
Janet Russell,2025-05-15
Aaron Dunn,2020-05-17
Travis Sellers,2021-12-31
Carrie James,2021-11-21
Matthew Schwartz,2024-07-22
Nicole Schneider,2023-12-24
Crystal Kim,2023-11-17
Kevin Bailey,2020-01-06
Brandon Anderson,2023-12-24
Krista Clarke,2024-03-28
Calvin Smith,2022-06-08
Tiffany Marshall,2021-01-22
Terry Jackson,2022-06-21
Kaitlin Adams,2020-06-23
Gregg Hernandez,2024-11-13
Patrick Coleman,2023-02-15
Terri Kim,2022-07-01
Jon Hernandez,2025-07-02
Cindy Meyer,2021-06-05
Phillip Douglas,2020-11-17
Evan White,2022-09-01
Katelyn Armstrong,2025-03-27
Brian Mcgee,2025-06-09
Julie Mcdonald,2024-03-07
Teresa Russell,2020-08-10
Kimberly Solomon,2023-06-21
John Hernandez,2025-03-15
Theresa Wong,2020-12-21
Jack Pham,2023-12-03
Tiffany Sanchez,2021-09-30
Jennifer Sanchez,2021-05-15
Morgan Reed,2025-08-23
Nicholas Kennedy,2024-12-27
Isaiah Hoffman Jr.,2021-05-12
Kathryn Ayala,2022-02-20
Nancy Banks,2020-01-25
Dean Taylor,2022-01-04
Jared Chavez,2022-06-28
Steven Collins,2024-08-15
Paula Boyd MD,2023-04-27
Jacob Fry,2023-09-07
Alejandro Smith,2022-10-21
Robert Reed,2022-07-05
Stephen Oliver,2020-11-20
Christopher Huynh,2022-07-04
Brittany Estrada,2020-12-21
Olivia Ross,2023-12-10
Ryan Baker,2022-01-07
Andrew Johnson,2025-06-12
Robert Ramos,2021-12-28
Paige Coleman,2021-06-07
Gregory Oconnor,2023-03-25
Nathan Clark,2021-08-01
Jeremy Adams,2024-11-24
Joshua Steele,2023-04-18
Timothy Barnes,2021-03-28
Tara Henry,2023-12-30
Ashley Jones,2020-09-06
Lauren Spencer,2020-02-02
Ronald Lopez,2022-11-19
Whitney Stout,2024-09-16
Amy Jones,2025-04-22
Kathy Graves,2021-04-07
Joshua Gregory,2025-03-05
Michelle Barr,2020-06-29
Susan Reeves,2023-03-23
Dana Vazquez,2021-07-10
Mark Neal,2022-05-04
Keith Walker,2023-07-21
Melanie Arnold,2024-04-28
Clinton Page,2024-02-01
Laura Johnson,2024-02-22
Andrew Hernandez,2024-11-18
Amy Davis,2021-11-06
Danielle Barrett,2021-12-28
Regina Colon,2022-03-09
Kaitlyn Cherry,2022-04-28
Melissa Wong,2021-12-13
Anthony Wright,2022-03-29
Rachael Hanson,2022-09-18
Scott Mckay,2021-01-30
Amber Ramirez,2020-01-18
Janet Nielsen,2024-04-07
Renee Baker,2022-05-26
Kerri Gonzales,2023-02-13
Patrick Paul,2024-10-13
Kevin White,2021-10-19
Elizabeth Baker,2021-07-21
Mark Cunningham,2024-05-24
Justin Shaffer,2024-09-24
Michelle Cabrera,2021-08-28
Janice Jones,2022-03-24
Holly Vargas,2021-06-14
Antonio Steele,2022-01-15
Valerie Graham,2020-01-30
Charles Barron,2024-06-13
Jaime Hoffman,2022-04-15
Alexander Carroll,2022-06-26
Mr. Taylor Parrish,2022-01-29
Lynn David,2020-09-28
Michael Hoffman,2022-01-08
Stacey Smith,2021-02-20
Jason Green,2024-07-08
Melissa White,2021-10-14
Juan Sandoval,2025-08-26
Scott Mcdaniel,2022-11-14
Ashley Smith,2025-04-12
Tasha Phillips,2020-12-29
Kenneth Thomas,2021-10-31
Madison Pearson,2022-07-26
Courtney George,2024-03-05
Summer Copeland,2023-11-28
Rachel Phillips,2025-07-27
Kathleen Mason,2024-04-08
Robert Hall,2023-10-22
Karen Gonzales,2020-08-25
Jose Austin,2025-10-02
James Sparks,2020-08-06
James Wilson,2020-08-28
Whitney Powers,2023-02-23
James Rodriguez,2022-01-15
Marcus Hamilton,2021-04-21
Martin Sanchez,2023-04-12
Lisa Ford,2021-01-09
Robert Buckley,2022-02-04
Paul Murray,2024-10-30
Vanessa Conley,2020-08-24
Michelle Bailey,2021-12-20
John Sosa,2020-03-08
Katie Jones,2021-07-17
Corey Ochoa,2022-09-24
Heather Ellis,2024-10-21
Mr. Michael Garcia,2023-07-23
Andrew Alexander,2023-01-06
Antonio Leon,2023-05-06
Joseph Bender,2022-10-09
Rodney Caldwell,2020-10-31
Phillip Salazar,2022-05-03
Steven Graham,2021-08-21
Sean Webster,2024-08-23
Kaitlin Horne,2020-12-28
Jessica Mcdonald,2022-04-22
Elizabeth Johnson,2025-08-13
Megan Smith,2020-07-27
Kevin Gutierrez,2024-08-06
Michelle Evans,2024-03-23
Troy James,2025-03-08
Karen Love,2023-06-18
Regina Villarreal,2021-09-09
Destiny Smith,2020-04-29
David Gonzalez,2021-10-13
Amanda Lane,2023-12-25
Jeffrey Jimenez,2020-09-08
Jonathan Perry,2023-05-01
Brett Preston,2022-12-04
Veronica Martin,2020-11-13
Devin Foster,2023-03-10
Jennifer Sullivan,2023-02-15
Craig Stephenson,2020-03-21
Anthony Eaton,2021-01-29
Jacob Miller,2023-07-25
Darlene Welch,2021-10-12
Angela Turner,2021-08-14
Jennifer Wood,2022-03-12
Robert Bowers,2021-06-08
Linda Thomas,2020-09-03
Richard Johnston,2020-11-16
Mr. Joseph Garza,2023-06-02
Eugene Freeman DVM,2020-02-07
Juan Smith,2025-05-12
Brandi Herrera,2022-09-27
Jennifer Crawford,2020-11-26
Jessica Gibson,2024-01-29
Renee Byrd,2021-11-17
Stephanie Mcdowell,2022-07-31
Charlotte Gaines,2023-01-07
Alvin Thompson,2025-05-11
Sydney Nicholson,2023-10-11
Jacqueline Wilson,2025-03-08
Alisha Webster,2022-05-22
Aaron Terrell,2021-11-27
Jesse Hernandez,2020-05-25
Shawna Molina,2023-02-11
Dawn Wood,2024-12-06
Robert Grant,2020-08-26
Kristopher Flores,2023-04-03
Keith Morris,2021-03-22
David Arias,2021-12-10
Carrie Golden,2025-07-15
Mark Taylor,2020-03-07
Jamie Rodriguez,2022-12-31
Linda Kent,2021-10-06
Hannah Beck,2022-07-18
Jeffrey James,2025-06-21
Kristina Day,2022-11-24
Christina Acosta,2025-04-21
Karen Bishop,2024-05-09
Alicia Gamble,2025-01-20
Elizabeth Whitehead,2020-03-27
Thomas Tran,2020-03-21
David Thompson,2021-02-12
Matthew Smith,2022-09-27
Allen Jones,2021-01-31
Emily Cabrera,2021-10-13
Charles Ryan,2023-11-17
Jacob Thornton,2024-06-22
Barbara Lopez,2021-06-04
Cassandra Baker,2021-11-07
Pamela Norris,2023-01-09
Jennifer Ferguson,2021-02-26
Joshua Cooper,2025-04-04
Benjamin Stout,2021-12-22
Michael Hall,2022-04-15
Miss Janet Perez MD,2020-04-30
Brooke Griffith,2024-08-27
Jordan Collins,2023-03-21
Tonya Ayala,2022-12-16
Felicia Young,2022-05-26
Caleb Medina,2020-07-27
Joseph Harris PhD,2022-10-31
Daniel Thomas,2025-04-04
Bruce Baker,2020-06-18
Tracy Page,2022-12-27
Paul Roberson,2023-09-21
Jennifer Wise,2024-08-17
Daniel Terry,2021-05-11
Andrew Chen,2021-08-12
Heidi Perez,2025-05-13
Kelly Trujillo,2022-05-11
Tina Lamb,2024-10-20
Calvin Anderson,2023-10-23
Calvin Bailey,2025-01-17
Daniel Gonzalez,2021-11-17
Troy Jackson,2021-05-04
Tyrone Dixon,2021-01-03
Elaine Kane,2023-10-04
Adam Ashley,2025-06-17
Holly Diaz,2023-10-15
Steven Randall,2020-06-12
Tiffany Harding,2020-10-30
Amanda Parsons,2023-01-12
Kevin Martin,2023-05-16
William Gross,2024-11-03
Charles Vasquez,2023-04-25
Rachel Shields,2022-04-25
Nicole Jones,2023-10-21
Amber Smith,2020-12-08
James Gallagher,2021-04-30
Stephanie Santana,2025-03-16
Gabriel Andrews,2022-11-15
David Thomas,2020-01-15
Philip Norton,2020-08-22
Cynthia Robinson,2022-07-08
John Gilbert,2024-12-11
Kelsey Brennan,2020-05-13
Robert Parker,2020-09-20
Charles Flores,2020-02-01
Brittany Ballard,2022-06-25
Jonathon Simmons,2024-05-28
Noah Santos,2022-10-28
Lisa Reed,2024-10-20
Shawna Randall,2024-06-07
Jennifer Booker,2023-06-22
Amy Walton,2021-05-02
Erin Beasley,2025-08-08
Mark Hughes,2020-07-10
Amanda Hawkins,2024-06-02
Amanda Smith,2023-06-12
Maria Summers,2020-03-22
Alyssa Romero,2022-03-20
Dr. Jeffrey Hayes,2021-02-21
Paul Hayden,2021-02-10
John Foster,2021-08-21
Jesus Tran,2021-01-21
Patrick Martinez,2024-11-27
Casey Kelly,2021-09-18
Kimberly Armstrong,2024-03-04
Christina Carey,2024-01-26
Suzanne Delgado,2024-10-01
Mrs. Tina Campbell,2020-10-14
James Evans,2022-10-23
Andre Wright,2022-12-20
Michael Rose,2020-01-12
Damon Montgomery,2020-04-15
Renee Wallace,2021-07-13
Thomas Allen,2022-01-06
Priscilla Edwards,2022-05-15
Sara Griffin,2024-09-09
David Lee,2024-03-30
Leah Macias,2023-07-10
Kenneth Buckley,2022-03-01
Kathryn Williams,2025-09-04
Tracy Haynes,2022-05-09
Eugene Mcbride,2024-09-14
Heather Jones,2024-11-04
Thomas Stein,2022-10-06
Mr. Michael Ortiz,2024-02-14
Ronald Ali,2020-05-31
Latoya Baird,2021-02-23
Amanda Jones,2023-06-16
David Anderson,2022-04-08
Brittany Kane,2020-02-15
David Arias,2024-09-19
Marc Brock,2020-04-11
Matthew Collins,2020-11-14
Christopher Burns,2025-08-11
Veronica Mejia,2022-09-17
Cheryl Odonnell,2020-05-21
Joshua Zuniga,2025-04-04
Kerry Johnson,2020-09-05
Carl Bean,2022-02-12
Becky Miller,2024-12-26
Lisa Richardson,2024-10-18
Benjamin Wallace,2020-03-20
Mitchell Campbell,2021-05-16
Scott White,2024-12-26
Dustin Brown,2024-08-18
John Abbott,2022-06-01
Jared Lee,2021-11-03
Lisa Adkins,2022-06-14
Amanda Howard,2020-12-14
Sarah Wagner,2022-02-11
Jaclyn Bell,2022-05-04
Lisa Miller,2022-01-05
William Ferguson,2021-06-07
Kyle Ochoa,2020-12-27
Shawna Hall,2023-07-02
Michael Rodriguez,2021-09-22
Mark Lopez,2023-06-22
Justin Evans,2025-04-18
Mathew Dorsey,2021-07-25
Andrew Oconnell,2025-06-27
John Schmidt,2024-10-26
Christina Morrison,2022-05-03
David Jackson,2021-05-22
Tina Saunders,2025-01-09
Danielle Marsh,2022-09-30
Veronica Hoffman,2023-05-06
John White,2022-08-01
David Hooper,2023-07-22
Sharon Ryan,2020-10-25
Sheila Garcia,2024-12-28
Charles Burke,2021-01-03
Jennifer Allen,2023-12-16
John Mcdonald,2023-04-02
Christopher Dean,2022-08-06
Lauren Myers,2025-09-20
Zachary Carey,2022-09-07
Amy Gibson,2025-03-23
Lynn Fry,2023-05-05
John Levy,2022-03-17
Paul Koch,2021-10-29
Glenn Turner,2022-03-13
Julie Gray,2022-11-30
Cheryl Carter,2024-08-19
Mark Taylor,2021-05-15
Kyle Vega,2021-08-25
Eric Hernandez,2024-11-21
James Carlson,2020-03-11
David Dixon,2022-07-03
Jose Nguyen,2024-09-12
Margaret Roman,2025-03-02
Ms. Barbara Mitchell,2023-07-06
Taylor Mathis,2023-07-11
Geoffrey Brown,2020-03-22
Juan Cooper,2023-11-08
Tiffany Macias,2025-02-17
Corey Fernandez,2024-08-20
Jason Long,2020-04-15
Kevin Jimenez,2025-06-17
Martin Sanchez,2021-06-29
Michelle Webster,2022-07-31
Catherine Thompson,2020-08-04
Taylor Turner,2023-12-14
Marc Brown,2022-04-24
Timothy Payne,2024-10-23
James Huang,2024-01-31
Renee Hernandez,2023-04-27
Jessica Ferguson,2022-10-15
Ronald Mitchell,2020-08-16
Rachel Hayes,2020-12-11
Jaime Allison,2023-05-22
Stephanie Collins,2020-04-19
David Wright,2024-08-19
Stephanie Wiggins,2022-10-25
Leah Cook,2024-11-21
Danielle Fowler,2023-08-20
Laura Roberts,2025-09-27
Jermaine Price,2025-02-22
Lauren Harris,2024-06-12
Gina Hogan,2023-07-25
Brian Burnett,2024-01-21
Nicole Freeman,2021-05-19
Michelle Wood,2022-12-09
Matthew Jackson,2024-11-25
Theresa Williams,2020-12-31
Karen Lynch,2020-05-28
William Dean,2024-09-20
Jennifer Young,2022-03-12
Leslie Anderson,2023-08-25
Joseph Frye,2021-04-23
Jack Walsh,2025-03-25
Logan Williams,2022-06-12
Travis Alexander,2025-08-22
Jessica Jones,2022-11-09
Charlotte Guzman,2024-05-06
Mary Hanson,2023-03-14
Jessica Jones,2023-07-11
Rick Schultz,2025-02-09
Erika Green,2022-03-05
Jason Taylor,2022-07-02
Mark Phillips,2020-09-06
Amy Kelley,2020-12-16
Kathleen Cox,2021-11-29
Michelle Russell,2023-04-04
Anthony Davidson,2023-03-16
Zachary Thomas,2024-07-01
Luis Norman,2020-04-09
Rhonda Chandler,2021-06-27
Dr. Lauren Carrillo,2023-09-24
Caitlin Mccarthy,2023-11-07
Tonya Howell,2023-12-11
April Ramos,2020-03-24
Brian Hawkins,2021-08-12
Alexander Austin,2025-01-17
Anthony Parks,2023-07-07
Barbara Hurley,2020-11-17
Michael Vazquez,2025-09-06
Lisa Ford,2025-01-06
Manuel Benitez,2022-04-22
Dominic David,2023-03-24
Jamie Richards,2025-04-17
Christopher Black,2025-09-20
Stephanie Reese,2023-03-29
Frank Wilson,2023-01-18
Nicholas Waller,2022-12-12
Michael Callahan,2020-03-07
Mary Moore,2020-10-27
Thomas Brown,2024-12-10
Mark Wagner,2024-06-05
John Jones,2021-09-07
Melissa Green,2024-12-06
Melinda Sandoval,2020-06-08
David Caldwell,2020-02-26
Tina Jenkins,2021-10-09
William Lee,2023-05-24
Daniel Rodgers,2024-10-04
Kelly Paul,2024-11-29
Daniel Lawrence,2020-12-13
Peter Baker,2024-08-22
Zachary Hunter,2023-06-16
Jacob Avila,2023-11-21
Thomas Snyder,2020-11-22
Andrea Edwards,2021-11-22
Kylie Stephens,2023-03-07
Annette Smith,2025-08-25
Mitchell Vance,2022-03-18
Heather Mueller,2022-11-12
Felicia Ramirez,2025-07-13
Phillip Hall,2020-11-05
Brian Hines,2024-11-23
Christopher Hunter,2024-06-19
Ryan Peterson,2021-11-12
Jill Terrell,2024-09-25
Nicole Mcneil,2022-04-30
Joseph Mcdowell,2024-11-01
William Moran,2020-08-27
Alyssa Morgan,2024-03-11
Donna Joyce,2022-05-16
Andrew Lopez,2020-12-06
Kayla Saunders,2024-06-30
Cynthia Taylor,2025-05-08
Rebecca Gomez,2024-05-08
Kayla Carpenter,2023-09-22
Kenneth Medina,2020-07-11
Ryan Braun,2025-07-31
Sara Choi,2022-01-25
Cynthia Yates,2023-03-27
Amanda Garcia,2021-01-17
Joyce Ortiz,2022-09-26
Shaun Wells,2020-03-01
Richard Klein,2024-06-27
Julie Mcintosh,2024-09-29
Shawn Turner,2025-06-22
Sarah Gutierrez,2024-04-24
Dawn Brewer,2023-03-21
Christine Gomez,2020-03-30
Christopher Mitchell,2025-09-26
Drew Graves,2021-06-12
Billy Reed,2021-05-05
Nicholas Morgan,2022-04-11
Brian Frederick,2021-09-30
Gina Blackwell,2021-11-12
Emily Barrett,2025-03-22
Kayla Schultz,2023-08-13
Shelby Copeland,2021-05-02
Christopher Alvarez,2023-03-19
Kelly Smith,2021-04-06
Nancy Mercer,2023-07-21
Jessica Atkins,2024-08-22
Jeffery Rivera,2023-05-24
John Wilson,2023-03-17
Adam Ochoa,2021-11-15
Nicholas Hogan,2022-05-05
Debra Wade,2023-12-06
Amber Warren,2020-11-13
Benjamin Robinson,2022-05-22
Amy Bean,2025-02-25
Donald Morgan,2020-03-07
Holly Smith DDS,2025-04-24
James Bennett,2023-09-23
Virginia Sandoval MD,2023-05-28
Travis Smith,2024-03-18
Dustin Wiggins,2023-10-03
Donald Boone,2021-07-01
Monica Estes DDS,2020-12-15
Danny Cook,2023-10-23
Bryan Solomon,2020-11-19
Michael Moore,2023-01-16
Courtney Cruz,2021-04-02
Dustin Williams,2023-01-12
Monica Gonzales,2022-07-02
John Green,2025-08-08
Tyler Ryan,2020-02-28
Chad Holland,2024-07-29
Hector Mcclure,2024-03-18
Carol Ramirez,2021-06-05
Terry Woodward,2023-06-07
Cynthia Baldwin,2022-09-14
Cindy Hawkins,2021-08-10
Kathy Guerrero,2022-08-02
Michael Miller,2022-04-19
Jeffery Wood,2022-09-04
Kenneth Lewis,2022-08-15
Desiree Hernandez,2023-05-02
Emily Lyons DDS,2024-05-19
Brianna Brown,2023-05-21
Cynthia Johnson,2024-07-11
Amanda Carpenter,2021-07-18
Ashley Martinez,2024-04-05
Jeff Hammond,2025-03-11
Russell Campbell,2023-04-06
Kelly Gonzalez,2022-01-29
Richard Bell,2020-08-08
Michele Stevenson,2021-01-26
Kerry Tate,2024-11-10
Stephanie Ward,2025-07-29
Meagan Oneill,2021-03-13
Ashley Alvarado,2021-09-20
Michael Sanchez,2023-07-25
Jennifer Ward,2020-10-09
Christopher Russo,2021-03-30
Jaime Wood,2023-10-20
Desiree Cooper,2021-03-31
Megan Acosta,2021-05-23
Sarah Bryant,2025-04-09
Christine Sanchez,2024-11-19
Jessica Pierce,2024-02-16
Kelsey Atkins,2021-04-06
Martha Benjamin,2020-01-09
Terry Campbell,2022-10-22
Kelly Parrish,2025-05-07
William Jones,2022-12-25
Travis Ford,2022-04-14
Lynn Cox,2025-08-03
Mark Lopez,2025-03-31
Brandi Russell,2021-05-16
Antonio Mcdonald,2024-01-17
Mark Soto,2023-10-11
Nina Garcia,2022-04-07
Amber Fowler,2021-03-16
Whitney Jones,2025-06-14
Mark Poole,2021-10-17
Juan Murphy,2021-11-15
Dr. Amanda Adams,2021-03-09
David Townsend,2022-03-07
Robert Rivera,2020-12-19
Erin Green,2023-07-17
Donna Key,2021-09-14
Andrew Mitchell,2024-09-15
Ray Ryan,2023-09-08
Joel Pugh DVM,2023-08-21
Shannon Woodard,2023-10-07
Daniel Davis DDS,2024-09-30
Carlos Green,2025-01-15
Michael Castillo,2024-11-22
Raymond Reyes,2020-04-10
Alan Montoya,2022-09-23
Michael Caldwell,2021-01-15
Jeremy Parks,2021-12-25
Anita Beck,2020-05-28
Kerry Anderson,2025-09-15
Elizabeth Payne,2024-09-04
Mark Goodman,2023-01-19
Robert Johnson,2024-10-03
Mrs. Sandra Padilla,2025-05-18
Tiffany Park,2022-05-06
Nicole Dawson,2022-05-22
Christopher Whitaker,2023-03-07
Mark Green,2021-11-28
David Dennis,2022-05-30
Angela Parsons,2022-06-26
Lisa Phillips,2024-06-13
Austin Allen,2023-08-22
Joseph Gregory,2022-01-21
Kenneth Johnson,2022-01-07
Tammy Vargas,2022-01-04
Brittany Olsen,2021-04-06
Brian George,2021-01-11
Phillip Grant,2025-01-24
Paul Chandler,2025-03-21
Michelle Roth,2021-10-29
Kathleen Lynn,2021-07-20
Stephen Anderson,2024-09-27
Sandra Velez,2023-11-30
Christopher Lewis,2022-10-16
Marissa Sexton,2020-06-03
Guy Morrison,2022-11-17
Terry Scott,2021-03-09
John Houston,2021-07-20
Paul Moore,2024-07-24
Joshua White,2021-08-15
Ryan Ramos,2025-07-25
Lindsey Hale,2024-12-03
Richard Torres,2023-10-22
Jose Owens,2022-04-30
Thomas Ramsey,2021-02-12
John Kirby,2024-05-24
Tiffany Hansen,2020-07-04
Regina Fox,2020-01-26
Nicholas Jones,2024-12-02
Anthony Brown,2023-05-08
Nicole Scott,2024-10-13
Scott White,2024-04-24
Tammy Schmidt,2022-03-14
Shawn Donovan,2020-02-21
David Harmon,2025-08-02
Robert Hurley,2022-08-13
Lisa Gonzalez,2025-09-10
Max Richardson,2020-07-05
James Carter,2025-01-18
Raymond Porter,2022-05-21
Virginia Parker,2022-02-13
Dylan Long,2021-05-02
Andrew Owens,2024-06-30
Chris Sandoval,2022-01-05
Lee Wood,2022-12-18
Joseph Bradley,2023-08-23
Vickie Huber,2023-08-07
Joshua Lutz,2024-07-31
Kendra Osborne,2021-03-03
Hailey Patterson,2022-03-02
Ryan Mack,2020-06-19
Eric Armstrong,2023-08-12
Deborah Koch,2024-04-05
Christopher Gonzalez,2021-10-23
Jessica Lewis,2023-08-29
Kayla Romero,2022-03-10
Jonathan Blevins,2020-07-01
Natalie Wilson,2023-01-23
Matthew Dixon,2023-05-25
Tina Walker,2023-10-28
Kylie Torres,2021-02-08
William Reyes,2023-03-16
Mark Greene,2022-11-14
Deborah Harris,2020-06-06
Tiffany Banks,2021-09-26
Jacqueline Gray,2020-11-04
Kelsey Jacobson,2025-01-02
Maria Saunders,2021-10-06
Darlene Collins,2024-05-12
Sophia Lopez,2022-06-16
Traci Lopez,2025-06-17
Beth Faulkner,2024-05-20
Jacob Casey,2024-10-02
Julie Moreno,2020-05-16
Benjamin Salazar,2020-07-08
Cameron Small,2022-11-21
Victor Fowler,2020-03-29
William Walker,2020-10-14
Joshua White,2023-03-09
Jacqueline Adkins,2024-10-30
Melissa Burnett,2025-07-16
Jason Warren,2021-08-30
Timothy Scott,2021-03-03
Jeffery Ramirez,2021-04-26
Renee Armstrong,2021-12-13
Kayla Hayes DVM,2024-11-03
Samantha Thompson,2020-03-22
Elizabeth Page,2022-08-26
Christine Robinson,2023-09-12
Michelle Figueroa,2022-07-16
Ronald Reed,2021-05-30
Amy Henry,2021-05-23
Dale Allen,2021-10-13
Tracy Nelson,2021-06-24
Hailey Horton,2024-10-09
Johnathan Rogers,2020-03-02
Robert Lester,2020-06-24
Keith Clark,2023-07-17
Becky Perry,2025-09-04
Emily Jennings,2022-12-20
Jennifer Riley,2023-12-17
Sheri Brown,2022-05-30
Donald Dougherty,2021-11-06
Leslie Cook,2025-02-12
Aaron Moyer,2022-06-29
Joseph Nicholson,2023-10-03
Stephanie Stanley,2024-11-09
Julie Thomas,2023-05-21
Julie Young,2022-01-11
Kimberly Thomas,2021-06-27
Sydney Sanders,2024-02-01
Aaron Mendoza,2022-06-13
Mrs. Cynthia Morales,2024-11-15
Lisa Garcia,2022-08-12
Monique Mercado,2021-10-16
Lisa Villa,2025-06-15
James Thomas,2020-06-01
Laurie Pham MD,2023-02-22
Candace Lopez MD,2024-03-05
Katelyn Taylor,2021-12-28
Jessica Scott,2023-03-01
Malik Garcia,2020-10-26
Kenneth Garrett,2020-07-07
Cheryl White,2020-12-06
Christopher Stewart,2023-10-23
Wendy Horne,2021-11-07
Brian Luna,2024-06-15
Robert Grant,2022-01-04
Aaron Barrett,2023-05-13
Ryan Evans,2024-04-21
Connor Smith,2024-08-22
Eric Olson,2022-11-14
Mrs. Stephanie Mcmahon,2020-12-01
Gary Allen,2024-05-01
John Mclaughlin,2021-12-05
Jennifer Hill,2025-07-25
Courtney Nguyen,2025-07-20
Dawn Scott,2024-03-30
Michael Stone,2022-03-05
Miss Candice Chang,2021-03-14
Rebecca Myers,2023-06-23
Peter Bates,2020-07-12
Matthew Moon,2023-12-01
Kimberly Taylor,2024-03-26
Kayla Richardson,2020-01-06
Alison Martin,2025-05-29
Dillon Watts,2022-02-02
Jennifer Luna,2025-01-11
Dustin Hernandez,2021-12-09
Cynthia Miller,2024-01-17
Jay Myers,2022-11-18
Meghan Wilson,2020-04-02
Angela Rogers,2020-09-29
Laura Johnson,2024-10-07
Jonathan Franklin,2021-06-23
Daniel Lopez,2024-10-09
Robert Williams,2022-09-17
Matthew Campbell,2025-08-31
Ian Richards,2020-01-10
Manuel Leach,2025-10-05
Shane Palmer,2025-04-23
Thomas Lewis,2020-06-26
Vanessa Perez,2025-03-27
Tim Peters,2023-07-18
Jamie Preston,2020-12-28
Michelle Kim,2022-08-17
Jenny Herman,2023-07-05
Bethany Larsen,2025-04-25
Glenn Williams,2024-03-04
Brandi Thomas,2024-11-03
Christopher Dunlap,2024-03-18
Morgan Wilson,2023-09-12
Kathryn Shelton,2022-04-12
Matthew Vargas Jr.,2025-01-04
Katherine Moore,2023-07-14
Eric Turner,2025-08-04
Jessica Berger,2023-07-04
Michael Gregory,2023-12-06
Shawn Bradshaw,2020-02-01
Kathleen Booth,2021-02-20
Noah Williams,2024-01-20
Allison Cuevas,2025-05-18
Jennifer Robinson,2024-11-15
Lori Moody,2024-06-18
Christopher Smith,2022-10-06
Thomas Gomez,2024-02-06
Cindy Nguyen,2025-02-13
Perry Williams,2023-11-16
Jessica Anderson,2023-08-28
Brian Reed,2025-01-27
Jeffrey Price,2023-09-30
Alison Ramos,2021-04-18
James Wyatt,2023-01-18
Joseph Watkins,2024-07-25
Robert Holt,2021-07-10
Randall Hancock,2020-09-26
Christopher Fields DDS,2022-07-11
Jerome Cunningham,2021-05-22
Kayla Pugh,2023-03-01
Martin Garner,2021-07-30
Madison Leach,2023-06-25
Jeremy Harrell,2020-10-20
John Johnson,2022-01-11
Christopher Pineda,2020-05-21
Mr. Mark Norton,2020-06-01
Jonathan Peters,2025-09-01
Christine Dennis,2022-10-23
Kendra Hughes,2024-10-21
Melissa Garrison,2025-03-23
Tina Rodgers,2021-11-17
Maria Wagner,2021-03-08
Tonya Cooley,2025-09-23
Hunter Brown,2021-08-27
Lisa Chen,2023-05-13
Shawn Erickson,2024-01-18
John Ross,2023-04-05
Miss Taylor Smith,2021-04-02
Christina Baker,2021-07-25
Michelle Quinn,2021-12-07
Kristen Johnson,2023-04-14
Heather Cortez,2022-05-23
Michael Woods,2024-11-23
Stephanie Morton,2025-05-02
Daniel Lara,2021-08-05
Tara Perkins,2023-12-22
Deborah Watkins,2024-06-28
Rebekah Rivera,2021-08-30
Joseph Aguilar,2024-06-15
Brian Adams,2024-06-23
Kathleen Owens,2023-08-27
Kevin Tyler,2025-02-11
Darryl Williams,2024-02-19
James Powell,2023-03-07
Desiree Stevens,2023-09-27
Richard Wolfe,2022-03-03
Patrick Browning,2023-07-16
Christopher Ross,2025-03-25
Kevin Rose,2022-09-06
Linda Randall,2025-06-01
Mark Lee,2025-07-23
Ashley Campbell,2023-07-25
Zachary Jackson,2022-03-06
Bruce Wilson,2020-04-03
Mr. Kristopher Cervantes,2023-12-09
Michael Norman,2022-09-23
Harold Smith,2020-12-16
Derrick Franco,2022-02-11
Todd Cox,2022-10-11
Karen Stewart,2020-12-15
Derek Moran,2024-12-07
Jeremy Mcdaniel,2020-04-24
Robert Santana,2021-06-30
Walter Friedman,2022-03-04
Brianna Palmer,2022-07-17
James Aguilar,2022-02-01
Jennifer Blair,2023-04-02
Heather Sanders,2022-06-13
David Barnes,2021-05-30
Frederick Terrell,2023-05-12
Darren Peters,2024-12-29
Haley Watson,2020-08-23
Sandra Bell,2023-09-25
Daniel Guzman,2022-03-25
Jennifer Jones,2020-01-31
Kathleen May,2023-05-23
Sarah Dillon,2022-03-24
Danny Wade,2021-03-10
Mitchell Ponce,2020-12-02
Laura Choi,2022-02-26
Vicki Maxwell,2022-09-28
Lisa Lucas,2020-07-17
James Gonzalez MD,2024-04-27
Veronica Roberts,2023-11-30
Maxwell Robinson,2020-10-10
Dana Johnson,2023-10-22
Amanda Nunez,2023-09-28
Joann Mcdonald,2022-01-25
Tiffany Barrett,2020-10-09
Taylor Mitchell,2021-03-12
Nicole Wagner,2022-05-03
Bradley Gillespie,2024-03-22
Dawn Avila,2021-03-13
Laura Black,2025-07-16
Mark Preston,2024-07-10
Jennifer Taylor,2025-03-07
Stephen Zimmerman,2020-02-27
Brandon Barker,2025-01-13
Brittany Peterson,2023-04-27
Lori Thomas,2024-08-02
April Johnson,2020-04-22
Dylan Hardin,2023-03-30
Richard Patel,2020-10-22
Robert Harvey,2025-06-12
Kristina Villanueva,2023-03-27
Kathryn Martinez,2024-05-28
Michael Miller,2021-09-04
Tyler Anderson,2025-03-20
Tabitha Schneider,2025-04-24
Sean Williams,2022-04-04
Pamela Fernandez,2024-03-14
Timothy Crane,2022-12-05
Zachary Craig,2024-02-18
Jamie Strong,2021-10-15
Justin Moran,2022-01-06
Alicia Estrada,2024-11-19
Daniel Harmon,2023-10-25
Mark Dennis,2024-06-16
Andrew Powers,2024-11-09
Melanie Freeman,2023-03-17
Laurie Buckley,2022-09-10
Gail Odonnell,2022-10-10
Jason Campbell,2022-07-17
Wayne Smith,2024-01-24
Daniel Lara,2020-10-24
Leslie Phillips,2023-05-13
Kara Kent,2025-04-27
Diana Huynh,2023-03-05
Roberta West,2021-03-26
Lauren Watts,2021-04-13
Christopher Jackson,2025-06-05
Shawn Perez,2023-04-26
Alexander Miller,2020-07-23
Shawn Powers,2025-08-31
Kimberly Smith,2023-03-14
Kyle Davis,2020-06-16
Stephanie Morgan,2021-07-12
Cheryl Johnson,2025-02-20
Sarah Cook,2023-11-13
Debra Thompson,2021-06-26
Laura King,2021-01-23
Brandy Alexander,2024-09-15
Cynthia Chavez,2022-02-14
Sharon Bauer,2021-04-06
Eric Steele,2020-11-21
John Reeves,2022-11-04
Caitlin James,2020-06-09
Tina Phillips,2022-02-07
Brittany Farmer,2021-10-22
Emily Williams,2024-09-29
Frank Griffin,2022-07-30
Sean Ellis,2024-01-20
Kristin Gordon,2021-11-30
Michael Rodriguez,2020-08-03
Monica Perez,2020-01-19
Robin Martinez,2020-09-01
Dennis Castro,2022-01-24
Jennifer Mitchell,2021-05-04
Kimberly Cannon,2020-08-08
Alyssa Strong,2025-08-05
Richard Perry,2020-04-14
Anthony Morales,2025-01-11
Gabriel Parks,2020-12-14
Lisa Armstrong,2023-11-02
Richard Davis,2022-02-14
Catherine Cervantes DVM,2024-11-16
Amber Murray,2025-06-07
Chloe Fisher,2021-07-09
Mr. Malik Logan,2022-03-17
Caitlyn Bradley,2025-05-31
Jason Bentley,2022-05-28
Alicia Carter,2023-06-11
Anne Caldwell,2023-09-11
Barbara Ramos,2020-03-16
Kelsey Ramos,2020-09-04
Susan Ferrell,2024-05-31
Amber Allen,2020-06-09
Mrs. Caitlin Wood,2024-08-02
Jessica Spencer,2024-10-03
Deborah Murphy,2023-12-05
Justin Jackson,2024-03-29
Joshua Ali,2024-01-28
Emily Craig,2020-07-30
Heidi Davis,2024-07-14
Tiffany Brown,2020-01-18
Janet Wall,2021-02-20
Paul Lam,2023-03-05
Sarah Alvarez,2024-11-12
James Brandt,2021-04-05
Caleb Morton,2023-05-24
Corey Avila,2020-12-10
Shawna Campbell,2022-02-06
Jonathan Walters,2020-01-24
David Jones,2022-02-09
Rachel Martin,2021-02-10
Julia Wheeler,2021-02-05
Eric Aguilar,2021-12-18
Anthony Nielsen,2021-10-31
Anna Hanson,2021-01-16
Holly Moore,2024-05-21
Kelsey Murphy,2023-11-01
Elizabeth Green,2024-11-25
Christopher Gonzalez,2020-04-08
Alexis Carroll,2025-06-30
Justin Mcclure,2022-07-07
Keith Watkins,2025-09-29
Charles Kelly,2023-11-15
Aaron Brown,2024-02-03
Sierra Boyer,2024-03-15
Emily Townsend,2025-09-01
Jennifer Thomas,2022-05-30
Mr. Jeremy Schultz MD,2024-08-17
John Olson,2022-08-24
Melissa Mcfarland,2025-02-12
Cheryl Wilson,2022-10-25
Amy Reid,2023-10-24
Jennifer Hill,2021-02-06
Mrs. Joanna Jones DDS,2022-07-20
Alicia Wu,2025-05-07
Katherine Davis,2025-02-24
Alejandra Brown,2023-12-26
John Curtis,2020-10-04
David Miller,2023-09-10
Carol Cortez,2023-03-04
Christopher Smith,2022-04-08
Gail Salinas,2022-02-16
Megan Hansen,2022-10-09
Joshua Marquez,2020-06-22
Laura Walters,2022-06-06
William Foster,2022-11-02
Daniel Baird,2021-11-15
Olivia Sutton,2022-04-08
Gina Dudley,2020-12-13
Margaret Hunt,2020-03-14
Michael Williams,2022-10-28
James Fox,2020-01-04
Jessica Humphrey,2024-02-04
Olivia Jimenez,2025-03-10
Jennifer Robertson,2025-10-05
Robert Nelson,2023-10-27
Glenn Avila,2020-10-21
Jamie Lewis,2020-01-15
Andrew Ramirez,2021-01-17
Joseph Bishop,2025-09-14
Matthew Adkins,2023-07-05
Laura Wheeler,2022-02-10
Beth Miller,2023-09-23
Richard Nunez,2023-10-26
Tiffany Hernandez,2020-06-17
Michael Ray,2020-11-09
Kimberly Woodard,2021-08-17
Ricky Castro,2020-07-07
William Morgan,2025-01-16
James Ryan,2025-06-10
Kyle Robles,2022-12-04
Kim Berry,2023-11-24
Raymond Randolph,2022-12-20
Tonya Black,2024-04-10
Tiffany Young,2024-05-23
James Norris,2023-07-12
Jermaine Nixon,2024-07-24
Lisa Rogers,2023-08-26
Carmen Rivera,2021-11-14
Mr. Billy Lowe,2025-01-15
William Merritt,2024-03-30
Emily Watson,2020-06-15
Susan Little,2022-06-23
Chloe Gallagher,2025-04-14
Anthony Garcia,2021-09-26
Charlene Parks,2024-05-24
Madison White,2020-06-18
Derrick Adams,2024-11-29
Anna Warren,2020-04-20
Debra Harris,2023-07-04
Kathy Jimenez,2020-05-23
Brenda Gentry,2021-03-07
Tanya Martin,2020-04-14
Lori Cannon,2023-05-04
John Lee,2020-09-25
Crystal Kelly PhD,2022-04-05
Angel Gray,2022-06-12
John Stewart,2024-01-13
Matthew Freeman,2025-09-20
Alexander Merritt,2020-04-14
Miss Audrey Jackson,2023-12-15
Erika Bell,2023-05-30
Donald Ferguson,2021-04-26
Dalton Morrow,2023-11-12
Andre Weaver,2025-03-07
Ann Hooper,2021-05-02
Terry Richards,2020-01-07
Melinda Miles,2023-03-11
Martin Little,2025-03-23
Rebecca Beasley,2020-08-02
Stephanie Lambert,2021-12-02
Wendy Wells,2021-05-28
Nathaniel Guzman,2024-04-30
Eric Garcia,2025-06-04
Denise Cohen,2020-01-02
Victoria Fuller,2020-08-16
Kim Salazar,2020-01-05
Matthew Chan,2025-04-29
Garrett Hawkins,2024-10-16
Jennifer Brown,2020-12-22
Jon Hicks,2022-11-24
Kathy Love,2023-07-29
Derek Gibson,2023-12-20
Caitlyn Valencia,2021-07-14
Theresa Williams,2023-06-13
Robert Vasquez,2020-06-18
Joshua Nelson,2024-11-28
Ronald Perry,2020-08-04
Timothy Lane,2022-12-24
Jeremiah Mccormick,2021-10-25
Brittney Hernandez,2020-09-17
Savannah Solis,2025-06-01
Amanda Pena,2022-01-15
Gary Campbell,2020-04-30
Christopher Sullivan,2020-02-18
Maria Cook,2024-01-26
Alfred Day,2022-12-08
Daniel Smith,2023-02-18
Stacy Johnson,2023-10-02
Dustin Price,2023-01-26
Terry Jones,2024-12-16
Jenna Ferguson,2021-11-09
Jennifer Riley,2020-06-02
Dr. Eric Wallace II,2020-03-03
Gabriela Harrell,2023-04-07
Shelby Pitts,2023-10-06
Susan Hayes,2023-12-18
Jennifer Curtis,2025-03-13
Kevin Mercado,2024-11-06
Susan Howell,2022-03-05
Regina Mack,2020-03-18
Leslie Wilson,2021-03-18
Michael Perry,2023-11-07
Michael Wang,2021-02-15
Andrea Wallace,2022-01-01
Joseph Garza,2024-02-08
Gary Cook,2024-05-01
Erin Lee,2024-12-06
Virginia Gaines,2022-04-29
Kathleen Bailey,2025-09-24
Misty Fox,2023-05-14
Anthony Thomas,2022-11-25
Steve Olson,2022-09-12
Douglas Horton,2020-06-25
Cesar Ford,2023-06-23
Benjamin Baker,2024-04-09
Dr. Karen Duffy,2022-04-07
Justin Dixon,2021-12-09
Eugene Little,2021-11-29
Michael Chen,2021-07-22
Steven Beltran,2023-12-23
Jennifer Adams,2022-08-02
Jermaine Wright,2025-08-07
Zachary Taylor,2024-02-04
Raven Cooper,2020-12-07
Matthew Gray,2020-01-14
Travis James,2024-03-19
Zachary Mcgee,2020-04-13
Selena Perez,2023-09-19
Shannon Wallace,2024-03-01
Leslie Craig,2023-05-31
Tyler Frye,2023-06-15
Cathy Young,2025-04-02
Kimberly Fitzgerald,2020-11-22
William Moore,2023-08-30
Angela Peterson,2020-05-02
Mitchell Weber,2023-01-04
Carla Arias,2022-03-22
Beth Watkins,2024-10-29
Brenda May,2024-11-20
Mary Brown,2025-01-12
Rachel Greene,2021-07-18
Jeffrey Francis,2022-06-06
Don Jones,2023-06-27
David Hernandez,2024-11-14
Sarah Bennett,2020-07-18
Brian Vazquez MD,2025-01-18
Kenneth Cox,2022-02-02
Michelle Gomez,2020-09-13
Jesse Meyer,2023-10-05
Kevin Dennis,2020-05-05
Christopher Cantrell,2020-07-03
Rhonda Yang,2023-01-09
Kelly Lewis,2021-04-21
John Ray,2020-12-22
Andre Mckee,2023-05-13
Joseph Stanton,2024-12-31
Jason Martin,2021-10-18
Anthony Francis,2022-06-27
Andrea Greene,2022-06-05
Kyle Le,2020-01-01
Sarah Hernandez,2022-12-15
Ms. Margaret Boyd,2022-10-13
Edward Hale,2021-04-04
Christy Collins,2024-12-16
Susan Edwards,2025-02-27
Marc Morgan,2023-08-26
Angel Diaz,2022-01-26
Ryan Baker,2023-09-13
Yolanda Cox,2024-02-19
Brittany Thomas,2020-10-30
Susan Williams,2023-10-16
Christopher Harvey,2023-01-19
Stephen Coleman,2023-08-08
Matthew Jones,2024-04-02
Rebecca Ruiz,2024-11-22
Michele Young,2021-01-19
Linda Jones,2022-08-29
Theresa Johnson,2020-04-24
Ashley Phillips,2020-11-04
Michael Bennett,2023-03-21
Julie Thomas,2021-01-26
Nicholas Murphy,2020-01-01
Jacob Davis,2023-07-16
Tina Gould,2020-12-30
Sean Robinson,2020-07-04
Maria Smith,2022-09-01
Lindsay Henderson,2020-11-14
Stephen Miller,2023-05-30
Zachary Armstrong,2025-04-11
Riley Gonzalez,2023-09-22
Stephen Sutton,2025-08-02
Marie Atkinson,2022-09-06
Hunter Hill,2020-03-10
Mark Ray,2023-10-16
Molly Mccarthy,2022-06-25
Andrew Mcdonald,2020-03-30
Steve Morris,2022-10-10
Kaitlyn Weiss,2020-11-19
Charles Ramos,2022-02-06
Seth Nguyen,2023-06-16
Michael Cunningham,2025-03-16
Michael Bennett,2023-09-18
Joshua Braun,2021-03-19
Chelsey Scott,2020-05-16
Aaron Cunningham,2025-01-28
Laura Lowe,2023-11-23
Alan Nguyen,2023-06-25
Robert Jones,2024-09-21
Nichole Morales,2024-01-26
Laura King,2023-09-22
Ashley Sanchez,2020-06-16
Andre Sanchez,2024-11-26
Carrie Patterson,2021-04-09
Daniel Fitzpatrick,2023-02-21
Sandra Ray,2020-08-11
Sheri Lopez,2023-02-23
Joshua Gonzalez,2021-07-05
Dr. Christina Gonzalez MD,2023-07-03
Douglas Olson,2023-09-08
Derek Simpson,2024-07-06
Diane Cruz,2022-07-12
Samantha Garcia,2025-09-13
Jeffery Chavez,2023-12-20
Nicholas Smith,2022-12-23
Mason Gutierrez,2021-10-10
Stephanie Ramos,2020-06-08
Clarence Kennedy,2023-07-11
Melissa Sullivan,2021-09-08
Caleb Williams,2024-12-08
Taylor Jennings,2024-09-14
Jennifer Garcia,2025-09-02
Shannon Kaiser,2024-04-15
Karen Berry,2022-10-11
Kristin Garcia,2024-07-18
Howard Brooks,2020-04-29
Rebecca Wilson,2020-01-25
Jeremy Hunt,2021-11-29
Cheryl Zuniga,2021-02-21
Leah Bowen,2025-08-03
Leslie Hudson,2021-06-05
Thomas Mckee,2025-02-24
Charles Hoffman,2021-03-09
Lawrence Henry,2022-04-13
Jesus Blanchard,2020-03-07
Heather Cook,2025-06-02
Isaiah Kelly,2020-10-27
Eileen Johnson,2024-06-11
John Jones,2020-04-05
Julia Jackson,2020-12-06
Mr. Joseph Howard,2021-04-16
Jeremy Williams,2021-09-23
Yvonne Williams,2024-12-13
Travis Arias,2020-07-31
Mary Mcdonald,2022-12-11
Michael Graves,2020-11-22
Alejandro Williams,2021-01-23
Mary Sanchez,2025-05-01
Douglas Pena,2021-04-21
David Johnson,2020-10-12
Robert Norman,2021-01-03
Kiara Mann,2023-11-23
Theresa Richmond,2022-03-30
Stephanie Johnson,2020-02-16
Gary Griffin,2023-05-02
Michael Johnston,2023-12-12
Jessica Price,2023-12-16
John Ayala,2021-06-21
Joseph Hammond,2025-05-25
William Potts,2022-08-19
Rachel Murray,2021-02-11
Hailey Valdez,2023-09-05
Ruth Robertson,2021-10-28
Kristen Wilson,2021-06-03
Jesus Marsh,2021-01-26
Paul Estes,2023-03-10
Andrew Rhodes,2021-11-04
Anthony Richardson,2021-12-18
Tammy Benson,2024-07-14
Lisa Hill,2020-12-16
Randall Sims,2022-06-18
Joyce Taylor,2022-07-29
Erin Garcia,2022-06-21
Jeanette Duke,2025-04-21
Derek Rosario,2022-09-02
Harold Smith,2024-02-17
Nicholas Johnson,2025-06-21
Jonathan Lopez,2024-11-11
Michael Lee,2025-08-14
Jacob Peterson,2024-05-10
Stacey Hernandez,2020-01-08
Sarah Hoffman,2021-04-05
Melissa Lee,2022-12-12
Jason Dominguez,2022-03-31
Justin Taylor,2020-07-08
Linda Ochoa,2025-05-02
Curtis Jones,2025-03-31
Andrew Collier,2021-12-30
Laura Lewis,2023-08-13
Ashley Ramos,2023-05-09
Brett Rogers,2021-04-08
Angela Wood,2025-07-23
Nicole Reese,2022-03-23
Marilyn Copeland,2023-08-17
Melissa Jimenez,2025-03-08
Daniel Fuentes,2022-03-10
James Graham,2020-02-25
Joseph Hart,2020-04-27
Brent Anderson,2024-04-02
Julie Massey,2025-07-26
William Fernandez,2023-09-11
Charles Carpenter,2020-11-01
Mrs. Krystal Tran,2025-07-11
Jessica Daniels,2020-07-20
Taylor Irwin,2020-08-04
Rebecca Vance,2020-02-09
Charles Sanchez,2021-11-28
Glen Joseph,2023-04-20
Bobby Lopez,2022-12-18
Maria Hunter,2024-11-01
Mr. Paul Spencer,2024-07-30
Katherine Henderson,2024-11-24
Kevin Wilkins,2020-02-12
Joshua Wise,2021-02-12
Samantha Welch,2023-09-21
Sharon Bailey,2024-02-28
Aaron Jordan,2021-12-29
Chad Mendez,2020-08-25
Jonathan Perez,2021-12-29
Stacy Freeman,2020-06-28
Monica Villanueva,2023-06-09
Adam Cherry,2021-06-23
April Long,2025-01-07
Brittany Miller,2023-10-28
Jeffrey Gonzalez,2023-06-20
Tonya Morris,2020-01-03
Elizabeth Williams,2021-11-24
Gabriella Keith,2021-11-11
Charles Bowers,2024-10-02
Tyler Lester,2024-04-20
Daniel Miller,2025-10-04
Robert Martinez,2021-05-13
Melissa Young,2023-02-07
Kenneth Miller,2022-04-16
Brad Robinson,2023-06-01
Michaela Gonzalez,2020-05-17
Sydney Allen,2025-06-26
Dr. Matthew Powers,2020-03-04
Natalie Welch,2024-08-04
Michael Gonzales,2025-03-18
Ashley Li,2020-06-11
James Garza,2025-09-18
Christopher Johnson,2025-08-04
Anthony Curtis,2023-05-24
Meagan Zhang,2022-06-29
Samantha Parker,2025-05-09
Kristen Gilbert,2024-10-30
Gloria Shepherd,2025-07-07
Beth Barnett,2024-09-30
Ryan Powell,2024-06-01
Summer Burgess,2020-11-29
Laurie Ibarra,2023-03-30
Anthony Oliver,2021-10-28
Rodney Salazar,2020-05-31
Robert Shaw,2021-10-12
Hannah White,2025-02-10
Bryan Hernandez,2020-11-04
Charles Thomas,2021-06-18
Daniel Thompson,2024-08-29
Cathy Kennedy,2021-05-04
William Rose,2024-04-22
Katherine Ball,2023-03-07
Samuel Rodriguez,2021-12-06
Leonard Phillips,2025-05-17
James Nguyen,2022-02-21
Christopher Black,2022-02-13
Travis Graham,2023-09-05
Latasha Perez,2023-11-25
Carrie Allen,2020-08-20
Jamie Ramirez,2025-06-30
Stephanie Edwards,2020-07-14
Sarah Contreras,2021-12-15
Julie Sanchez,2025-09-22
Lisa Sosa,2021-06-10
Connie Fowler,2021-10-27
Amber Stevens,2023-10-07
Maria Johnson,2023-03-18
Rodney Jackson,2022-01-19
Noah Ellis,2023-04-26
Joseph Fischer,2024-08-18
Steven Allen,2021-04-23
Victoria Conrad,2021-06-11
Anthony Williams,2023-07-08
Matthew Brown,2024-08-07
Sarah Cook,2021-11-09
Joseph Hicks,2020-05-13
Megan Garcia,2023-06-02
Tiffany Gallegos,2021-03-10
Terry Price,2020-12-07
Mr. Gregory Castro,2025-05-14
Dana Gregory DDS,2021-08-04
Brian Murray,2024-05-15
Paul Gonzales,2023-04-07
Brandon Huang,2025-01-12
Katherine Sweeney,2021-08-09
David Clark,2020-11-24
Elizabeth Martinez,2024-06-03
Janet Burnett,2023-04-26
Ashley Harris,2025-08-10
Joan Le,2023-04-05
Louis Rodriguez,2021-12-16
Daniel Hendricks,2020-06-10
William Mcdonald,2024-06-22
Kelly Newton,2023-04-20
Kristina Torres,2023-10-04
Anthony Carter,2025-08-27
Joseph Turner,2025-09-13
Ariel Hancock,2023-01-04
Julie Velasquez,2021-07-23
Diana Cunningham,2024-06-30
Wesley Thompson,2023-06-15
Austin Black,2021-02-13
Alexis Wright,2020-01-17
Connor Phillips,2021-10-01
Amy Lee,2025-05-02
Mr. Andrew Stone,2021-02-04
Paul Wallace,2025-05-17
Nicholas Stein,2021-11-15
Rachel Kelley,2024-01-06
Taylor Harper,2021-12-21
Antonio Allen,2021-06-18
Bryan Spence,2025-08-24
Crystal Kirby,2022-02-17
Kimberly Fuller,2024-03-24
John Pena,2020-08-17
Michael Mccullough,2021-05-14
Richard Park,2024-11-16
Richard Garcia,2025-07-09
Lindsey Erickson,2020-09-22
Amy Walker,2021-06-25
Lindsay Tran,2020-01-15
Brooke Cox,2023-10-11
Thomas Tucker,2022-07-01
Samuel Murphy,2021-10-30
Patricia Cook,2020-09-24
Wendy Moore,2024-10-20
Madeline Thompson DDS,2025-09-06
Connie Smith,2024-09-30
Nicole Wright,2022-03-03
Elizabeth Higgins,2020-07-20
Amy Hamilton,2020-06-21
Crystal Gonzalez,2024-04-05
Kelly Jones,2024-04-08
Tina Fields,2020-04-12
Barbara Jacobs,2025-09-03
Kenneth Wood,2023-05-10
Sean Robinson,2024-08-16
Michael Hodges,2024-02-15
William Smith,2024-12-08
Julie Trevino,2022-01-20
Scott Jones,2023-08-01
Tony Tyler,2020-07-26
Donald Torres,2023-08-30
Joseph Patterson,2020-01-04
Ashley Jennings,2023-04-18
Luke Chapman,2023-03-06
Katherine Moran,2024-07-22
Troy Kemp,2020-02-24
Krista Lopez,2020-10-23
Eric Ewing,2021-08-26
Connie Bruce,2023-03-08
Herbert Foster,2020-08-05
Zachary Hunt,2021-11-04
Tiffany Garcia MD,2023-10-11
Sylvia Evans,2025-08-22
Dawn Freeman MD,2025-04-07
Jenna Schaefer,2020-06-02
Geoffrey Rodriguez,2022-04-29
Dr. Jacqueline Sharp DDS,2020-11-01
Elizabeth Rice,2025-10-04
Rita Lee MD,2021-12-09
Kelly Cox,2023-09-24
Sarah George,2020-02-05
Kim Nunez MD,2023-01-05
Kelly Sherman,2025-07-06
Danielle Bush,2025-09-21
Jason Long,2021-02-17
Denise Padilla,2021-07-17
Hailey Johnson,2021-10-19
Nathan Garcia,2023-10-10
James Mann,2024-05-04
Timothy Hall,2022-04-02
Kevin Strong,2020-05-26
Daniel Thomas,2025-04-12
Deanna Lambert,2025-09-28
Jacqueline Lynch,2021-09-29
Nicole Gibbs,2025-08-12
Sarah Brown,2021-12-25
Robert Bruce,2021-01-01
Jane Willis,2021-03-06
David Cook,2023-01-26
Andrea Phillips,2021-07-25
Jacob Roman,2023-01-28
Debra Bryant,2024-08-27
Michael Perez,2024-05-29
Taylor Wiggins,2024-04-14
Wesley Davis,2025-09-19
Alexandria Gill,2021-02-14
Morgan Lee,2023-06-17
Henry Fleming,2020-07-31
Barry Gregory,2023-11-05
Scott Oconnor,2020-04-26
Cathy Hamilton,2022-03-16
Robert Kelly,2022-05-26
Andrea Romero,2020-06-21
Jo Watts,2022-01-29
Wendy Davis,2024-01-09
Destiny Moses,2020-09-30
Kiara Murphy,2025-02-05
Joel Miller,2021-01-02
Nathan Johnson,2020-12-02
Matthew Miller,2021-01-22
Jeffrey Summers,2021-03-22
Allen Rice,2020-08-10
Matthew Jacobson,2020-07-21
Lisa Becker,2025-06-19
Ashley Hull,2020-10-15
Nicholas Ruiz Jr.,2022-04-07
Rebekah Brown,2024-12-21
Nicole Burns,2024-01-23
Kerry Elliott,2024-12-11
Tracey Bauer,2025-04-10
Sara Whitney,2024-04-01
Wesley Kelley,2025-07-11
John James,2020-05-12
Jonathan Black,2020-01-30
Timothy Hamilton,2023-09-17
Chelsea Davis,2023-11-24
Charles Lucas,2025-01-27
Keith Johnson,2023-12-13
Elizabeth Lester,2023-05-31
Thomas Nichols,2022-09-18
Ricardo Lopez,2022-05-28
Bryce King,2020-01-13
Melissa Andrews,2020-09-13
Haley Weaver,2020-07-06
Cynthia Garrett,2021-08-16
Christopher Ramos,2024-01-12
Stephanie Barber,2023-11-04
Sara Miller,2021-04-07
Jacqueline Hurley,2021-10-26
Jason Wheeler,2025-09-28
Courtney Walter,2021-02-18
Derek Evans,2022-12-11
Benjamin Moore,2025-01-20
Colleen Bryant,2024-04-13
Ms. Megan Castro,2022-07-30
Earl Mcdonald,2022-04-30
James Harper,2022-08-20
Steven Edwards,2020-09-30
James Smith,2024-07-29
Matthew Huynh,2020-03-19
Mr. Derrick Anderson MD,2021-05-18
Cheyenne Williams,2020-05-25
Kevin Powell,2024-10-21
Dominic Perkins,2022-01-21
Bradley Richard,2020-07-27
Jeffrey Sanchez,2022-05-02
Martin Lopez,2021-07-21
Herbert Weiss,2024-02-21
John Lewis,2025-09-16
Dawn Moon,2020-05-15
Jennifer Rice,2020-06-15
Tony Thomas,2023-04-21
Lorraine Guerrero,2022-08-01
Samantha Shaw,2022-11-09
Rhonda Fletcher,2023-02-28
Misty Rodriguez,2024-09-10
Mrs. Michelle Mendez,2020-05-19
Jonathan Harmon,2022-10-11
Larry Moore,2021-03-20
Michael Lambert,2023-12-14
Alexander Phillips,2024-06-02
Chelsea Wilson,2025-09-14
Joshua Martin,2024-06-23
Paul Moore,2020-07-19
Stephanie Smith,2022-05-27
David Fisher,2021-01-13
David Mendoza,2022-07-07
Michael Walsh,2021-07-24
Eric Willis,2020-07-01
Eric Henderson,2025-04-09
Heather Carey,2020-10-28
Robert Ferguson,2022-12-28
Anthony Brooks,2021-09-28
Kevin Gray,2023-06-17
Sean Pacheco,2025-01-28
Angela Silva,2022-10-16
Matthew Cooper,2024-12-21
Jason Macdonald,2023-06-25
Lindsay Clark,2023-04-23
Keith Mason,2020-12-20
Andrew George,2020-05-12
Sandra Alexander,2021-04-30
Melissa Wang,2021-01-16
Terry White,2021-07-16
Leslie Dudley,2025-03-16
Dylan Lopez,2023-08-10
Marie Molina,2022-10-28
Christina Farmer,2022-02-14
Anthony Sutton,2025-03-13
Kara West,2020-09-22
Jacob Silva,2025-06-26
Kevin Hunter,2023-08-07
Jane Adams,2024-04-10
Peggy Henderson,2022-10-09
Abigail Harris,2022-10-14
Joshua Bowen,2024-05-21
William Randall,2021-06-26
Angela Oconnell,2020-02-28
James Evans,2022-09-29
Catherine Williams,2023-05-10
Michelle Freeman,2020-11-08
Randy Ward,2023-06-20
Paula Hanson,2023-12-10
Johnny Hubbard,2025-04-26
Jennifer Johnson,2022-03-26
Jody Perkins DVM,2020-11-22
Anthony Fisher,2020-10-24
Rebecca Shaffer,2023-12-05
Claudia Torres,2020-04-10
Christopher Cole,2023-05-04
Benjamin Rodriguez,2022-01-20
William Jackson,2023-08-25
Keith Gomez,2022-08-03
Emma Hendrix,2020-07-23
Rick Oconnor,2021-12-02
David Andrews,2025-09-21
Robert Thomas,2021-12-24
Clinton Nichols,2021-02-08
Dustin Garcia,2024-10-25
Jacob Myers,2023-10-05
Bonnie Rivera,2024-01-23
Danielle Crawford,2023-07-17
Lawrence Gonzalez,2023-05-28
Michael Long Jr.,2024-05-02
Nicholas Matthews,2025-04-25
Eric Pearson,2023-11-17
Courtney Bryant,2020-09-30
April Roberts,2025-02-05
Corey Morris,2021-10-23
Pam Hahn,2023-12-31
Christy Davis,2020-04-14
Edward Simmons PhD,2025-06-03
Charles Fischer,2023-03-28
Cheryl Young,2021-02-04
Amy Garcia,2021-05-09
Lisa Payne,2025-04-10
Marisa Rodgers,2025-02-08
Bryan Cantu,2025-02-07
Andre Moreno DDS,2022-07-16
Lisa Trujillo,2022-04-13
Christine Jones,2021-09-29
Kim Tucker,2021-03-25
Colleen Leonard,2022-06-10
Emily Gonzalez,2022-11-20
Katrina Carpenter,2022-05-27
Walter Myers,2022-03-02
Donald Miller,2022-12-08
John Duncan,2021-12-29
Mercedes Smith,2022-11-07
Joanne Matthews,2024-01-21
Marcus Peterson,2025-05-03
Michele Jenkins,2023-01-13
Stephanie Vaughan,2024-01-05
Kristen Singleton,2024-01-06
Darrell Wells,2023-10-20
Daniel Reed,2021-10-01
Luis Marsh,2023-10-14
Elizabeth Kennedy,2022-07-15
Bethany Adams,2020-03-30
Adrian Reyes,2024-10-15
Natasha Christian,2023-12-03
Vincent Martin,2024-02-16
Timothy Jackson,2020-03-05
Mrs. Paula Gonzalez,2025-09-23
Tara Rivera,2021-06-16
Amanda Lyons,2021-08-04
James Branch,2025-03-20
Ana Jones,2020-04-19
Victoria Webb,2021-06-24
Nicole White,2025-06-06
Dennis Price,2022-04-29
Stacy Boyd,2021-09-19
Justin Ramirez,2020-02-11
Mrs. Sarah Johnson,2024-03-29
Robert Miller,2021-07-31
Timothy Greene,2024-12-24
Cynthia Boyd,2025-08-11
Michael Gibson,2020-09-15
John Gaines,2022-08-28
Stephen Gonzalez,2023-08-02
Michael Pollard,2025-01-12
Monica Harris DDS,2022-11-01
Craig Martin DDS,2022-12-19
Pamela Brown,2025-09-18
Justin Carter,2020-11-01
Deborah Myers,2021-08-29
Andrea Daniel,2020-05-05
Sarah Moody,2021-09-25
Charles Bradford,2024-03-13
Joseph Malone,2025-03-28
Ann Baker,2022-11-27
Anthony Martin,2022-02-25
Karen Sampson,2021-11-03
Matthew Crawford,2022-11-11
Kimberly Richards,2025-09-20
Kyle Wu,2020-10-09
Victoria Watson,2020-04-23
Joshua Baker,2020-11-29
Terri Morris,2021-01-17
Kyle Frost,2021-01-02
Joshua White,2020-08-18
Joanna Johnson,2021-07-02
David Kirk,2022-06-01
Terry Anthony,2020-08-31
Travis Ward,2020-06-27
Bryan Gomez,2021-11-03
Wesley Young,2025-08-22
Robert Martin,2023-09-04
Scott Graves,2021-07-13
Maxwell Johnson,2024-12-23
Lawrence Terrell,2021-01-13
Pamela Wade,2024-01-07
Vincent Haley,2020-04-19
Kimberly Hunt,2025-01-31
Mr. Nicholas Kane,2023-03-20
Dillon Castro,2021-09-02
Jennifer Ray,2022-12-12
Craig Luna,2022-03-14
David Sullivan,2021-03-07
Jeffery Robinson,2020-10-03
Stephen Garcia,2022-03-25
Rebecca Brooks,2021-04-27
James Ferguson,2021-11-21
Rachel Robinson,2020-08-20
Suzanne Ryan,2020-06-26
Todd Scott,2024-03-21
John Cobb,2020-10-16
Jeffrey Jimenez,2025-05-27
Isabella Scott,2025-09-13
Mark Elliott,2022-04-15
Nicholas Douglas,2022-05-11
Alejandro Taylor,2023-09-06
Jasmin Peterson,2025-07-23
Richard Hardin,2024-01-14
Gordon Huerta,2025-06-21
Jeffrey Stephenson,2024-05-07
Troy Meadows,2024-11-27
Mr. Curtis Raymond,2020-04-12
Jonathon Jensen,2022-02-09
Elizabeth Torres,2024-07-26
Jon Hughes,2021-11-10
Jennifer Smith,2024-07-24
Brian Pollard,2025-03-13
Ashley Hodges,2023-08-27
Patricia Pena,2020-05-21
Brenda Morgan,2020-05-29
Jesse Bartlett,2025-08-17
Mrs. Christine Page,2022-07-17
Carrie Peck,2025-01-22
Gregory Owens,2022-03-23
Sarah Roberson,2024-02-28
Tonya Douglas,2021-06-03
Kara Rogers,2025-01-06
Andrew Nguyen,2021-10-15
Stephanie Robertson,2020-07-17
Kathryn Leblanc,2020-11-10
Karen Jones,2024-03-30
Matthew Owens,2022-01-18
John Boone,2021-12-09
Shawn Taylor,2025-01-11
Yolanda Griffin,2020-03-07
Jon Hall,2025-10-03
Elizabeth White,2024-08-07
Amy Holden,2023-12-01
Bruce Dickson,2023-12-18
Julia Mullen,2025-03-29
Sarah Johnson,2024-03-02
Kyle Miller,2023-04-20
Scott Wilson,2024-07-11
Jared Walker,2021-12-06
Tami Santiago,2022-04-18
Austin Martin,2020-01-01
Adrian Romero,2023-09-11
Randall Nielsen,2025-04-01
Christian Nicholson,2025-07-08
Sara Hansen,2022-08-29
Kenneth Smith,2025-04-19
Patrick Richardson,2024-08-03
Brian Castro,2022-06-02
Stephen Peterson,2022-12-06
Jennifer Abbott,2023-08-09
Donald Ramirez,2023-09-28
Michelle Mathis,2025-07-18
Denise Combs,2023-11-24
Stacy Brown,2023-04-19
Terry Rocha,2021-03-12
Richard Beck,2024-01-29
Adam Russell,2025-05-13
Daniel Reed MD,2023-06-05
Gregory Walsh,2022-01-13
Bethany Jordan,2025-02-28
Matthew Burton MD,2023-12-25
Randy Baker,2024-04-09
Thomas Nguyen,2022-02-19
Susan Adams,2020-08-12
Donna Landry,2022-02-26
Susan Woodward,2021-06-10
Gregory Joseph,2023-08-23
Nathan Tucker,2023-06-18
Marco Durham,2025-03-12
Anthony Sweeney,2022-05-13
Shelley Green,2021-12-12
Mary Elliott,2025-05-04
Breanna Dominguez,2023-11-11
Jerry Ramirez,2022-03-30
Katherine Garner,2021-11-16
Shelley Reese,2021-04-09
Justin Lopez,2020-03-25
Brian May,2024-05-24
Aaron Sanchez,2020-04-20
Michael Rice,2020-07-02
Rebecca Taylor,2025-04-24
Kristy Andrews,2021-10-15
Jim Pena,2023-12-07
Kevin Foster,2024-04-16
Malik Welch,2021-09-12
Shawn Hutchinson,2022-08-11
Leonard Pollard,2024-03-21
Samantha Lester,2020-02-25
Michelle Hernandez,2020-02-10
Cody Wallace,2021-03-02
Katie Roach,2021-02-08
Scott Patterson,2024-12-06
Joseph Turner,2020-09-11
Natalie Nielsen,2025-03-04
Rhonda Oneill,2023-11-27
Mariah Thompson,2022-04-17
Kelly Abbott,2020-06-25
Jack Harvey,2025-03-19
Charles Fitzgerald,2024-12-07
Laura Young,2022-03-29
Angelica White,2023-06-12
Mary Miller,2020-03-29
Michael Hurst,2021-10-21
Jason Huynh,2023-09-24
Robert Shaw,2022-12-01
Christopher Garza,2021-04-03
Natalie Lewis,2021-04-02
Jeanette Brown,2020-01-03
Beverly Jones,2022-10-04
Brandon Clayton,2020-01-13
Anthony King,2021-05-19
Jonathan Benson,2022-09-27
Amanda Wright,2024-02-29
Erica Anderson,2020-03-28
Joseph Perez,2022-10-21
Stephen Wilson,2021-03-29
Carrie Evans,2025-02-27
Joann Rodriguez,2022-08-13
Joseph Combs,2024-02-27
Robert Burke,2020-08-13
Laura Stewart,2020-09-01
Barbara Herrera,2024-08-02
Richard Lewis,2022-07-07
Gregory Rice,2024-12-16
Mrs. Karla Morris,2025-09-25
Gregory Arroyo,2024-01-22
Jose Rhodes,2023-12-24
Paul Callahan,2023-10-24
Sean Vasquez,2025-10-04
Jason Gonzalez,2021-06-28
Jeremy Marks,2023-07-24
Joshua Ferguson,2022-04-14
Heather Farmer,2024-07-15
Sharon Johnson,2024-02-20
Stanley Nelson,2025-06-07
Donna Stanley,2020-06-25
Jennifer Parsons,2020-05-14
Anne Scott,2021-03-20
Tony Evans,2023-11-16
George Williamson,2020-10-31
Brandi Neal,2023-05-09
Maria Walsh,2023-03-11
Sean Medina,2020-06-15
Todd Kelley,2021-08-24
Alan Elliott,2022-01-04
Mr. Joseph Sims Jr.,2022-02-13
Mitchell Jones,2021-01-17
Ashley Rosales,2020-10-12
Anthony Wyatt,2025-02-11
Amy Gordon,2020-12-03
Donald Johnson,2022-09-27
Lindsey Miller MD,2024-09-24
Amanda Ramirez,2020-09-28
Christopher Hunt,2023-03-17
Melissa Morales,2020-02-16
William Reed,2021-03-11
Jamie Collins,2020-12-14
Troy Lang,2022-02-05
Jennifer Gibson,2023-09-29
Patricia Page,2022-07-19
Bradley Hawkins,2025-07-19
Bethany Williams,2021-07-26
Tina Mcclain,2021-12-09
Michael Garcia,2021-03-04
James Fields,2025-07-06
Nicole Kelly,2024-02-18
Patrick Hoover,2020-11-15
Andrew Wallace,2022-01-19
James Simmons,2022-08-19
Yvonne Perez,2021-06-01
Donna Phillips,2022-01-31
Danielle Petersen,2021-11-27
Gregory Howell,2024-10-22
Nathaniel Cherry,2024-11-09
Brian Leblanc,2024-07-26
John Smith,2021-01-08
Yolanda Gordon,2023-08-26
Edward Johnson,2020-10-15
Christina Stafford,2024-03-31
Michele Simon,2025-02-21
Betty Wallace,2023-05-01
Shelby Fisher,2023-12-09
Joseph Roberson,2024-04-28
Jonathan Miller,2021-03-22
Daniel Collins,2022-08-17
Jessica Blevins,2022-04-04
Jacob Rivera,2020-07-19
Robert Johnson,2023-08-20
Michael Mendoza,2020-07-31
Derek Reed,2024-03-31
Christopher Martin,2025-02-27
Joseph Jennings,2023-04-13
Susan Craig,2021-09-14
Terry Brown,2023-01-31
Jesse Sanchez,2022-07-24
Laura Martinez,2022-06-13
Calvin Mahoney,2024-06-10
Tiffany Gibson,2025-06-15
Misty Mendez,2021-07-15
Corey Park,2022-06-30
Holly Cortez,2025-06-25
Jessica Clark,2021-12-24
Antonio Cooper,2021-11-10
Melissa Jackson,2023-05-20
Ann Hancock,2023-11-22
Mrs. Karen Wagner,2023-07-27
Paul Parsons,2020-01-03
Kenneth Morgan,2025-03-15
Jennifer Ross,2023-02-23
Joshua Chase,2020-11-22
Richard Bell,2023-03-26
Alice Lopez,2020-01-27
Stephanie Wright,2023-11-26
Douglas Hill,2023-02-07
William Miller,2022-06-06
Stacy Allen MD,2024-05-06
Debra Hansen,2025-09-20
Dorothy Pearson,2020-03-27
Elizabeth Rosario,2020-10-17
Andrew Moreno,2023-12-22
Susan Miller,2020-12-01
Matthew Thomas,2021-06-07
Oscar Smith,2022-12-20
Leslie Rocha,2020-10-06
Robert Williams,2024-02-26
Dalton Pierce,2022-06-11
Steven Anderson,2025-01-15
Anthony Harrison,2020-08-07
John Anderson,2020-11-19
Sarah Raymond,2021-08-12
Sarah Compton,2022-03-30
Jordan Gonzalez,2020-04-18
Brittany Ferguson,2020-03-29
Amanda Todd,2023-04-05
Melissa Hood,2020-01-14
Rebecca Blankenship,2023-08-20
Kimberly Cordova,2020-11-19
Jennifer Nunez,2021-07-04
Jason Hartman,2024-04-26
Krista Griffin,2021-08-24
Rachel Taylor,2024-07-05
Harry Bailey,2020-03-02
Elizabeth Smith,2023-01-27
Robert Cline,2021-02-04
Corey Chavez,2024-01-09
Nicholas Cook,2024-10-20
Tammy Wang,2023-12-11
Christopher Wilson,2023-08-30
Kathleen Lin,2020-03-13
Fernando Perez,2024-09-05
Megan Bryan,2020-05-25
Jerry Stewart,2024-05-04
Jasmin Horton,2023-01-07
Makayla Sullivan,2023-06-29
Angel Cox,2022-12-19
Kimberly Green,2024-10-17
Kathleen Mccoy,2023-03-01
Ian Wolf,2025-03-20
Tammy Harrington,2020-03-03
Sara Hobbs,2022-02-22
Candice Stone,2023-01-21
Dana Williams,2023-05-26
Aaron Jones,2021-09-05
Keith Cox DVM,2020-06-01
Michael Thompson,2024-04-12
Laurie Lee,2021-03-12
Gina Miller,2021-12-09
Christopher Johnson MD,2025-05-01
Robert Williams,2024-06-19
Benjamin Riggs,2023-10-25
Donald Carpenter,2020-07-08
Joshua Mills,2023-04-10
Christopher Mccarthy,2021-12-26
Charles Dawson,2023-11-06
Danielle Ray,2024-03-18
Christopher Miller,2025-01-28
Patricia Carson,2025-05-20
Lisa Butler,2020-10-17
Melissa Smith,2023-08-14
Kendra Chapman,2025-07-09
Joann Lowe,2022-09-08
Juan Hill,2023-04-27
Robin Brown,2022-11-16
Olivia Skinner,2025-08-01
Kathryn Ferguson,2024-03-09
Michael Moran,2023-11-02
Maria Baker,2020-10-08
Mark Cole,2021-04-19
Margaret Zuniga,2024-08-26
Eric Stone,2020-10-17
Heather Hernandez,2025-05-15
Julia Lee,2024-01-10
Kari West,2023-05-28
Veronica Morgan,2020-11-07
Peter Cook,2020-12-22
Robert Carter,2024-06-22
Jennifer Boyer,2025-08-07
Joshua Miller,2024-01-18
Devin Roth,2024-06-06
Jeffrey Payne,2025-04-27
Melissa Taylor,2025-09-16
Keith Hamilton,2022-09-06
Kayla Dixon,2022-11-15
Michael Jacobs,2022-08-02
Daniel Chaney,2022-08-01
Melanie Stephenson,2020-08-31
George Rivera,2020-03-13
Rick Gill,2022-10-12
Daniel Foley,2023-12-15
Todd Brown,2022-11-29
Bailey Knox,2021-08-11
Tara Figueroa,2023-01-04
Terry Hernandez,2024-10-17
Tammy Wilson,2024-03-25
Christopher Velazquez,2025-07-05
Keith Thomas,2024-11-10
Andrew Wilson,2023-06-23
William Gross,2025-05-17
Michael Vazquez,2024-01-19
Melissa Harris,2020-02-09
Harry Mendez,2023-02-21
Daniel Morgan,2025-03-08
Danielle Bartlett,2021-11-08
James Campbell,2022-04-22
Dr. Scott Fuller,2023-05-10
Michael Lane,2022-10-11
Lee Stevens,2024-07-25
Ryan Garcia,2020-04-27
David Jones,2025-04-11
Lisa Hill,2022-12-04
Christine Wallace,2025-09-29
Jodi Cole,2023-11-17
Thomas Grant,2021-07-14
Richard Sanchez,2020-08-08
John Maldonado,2022-10-31
Dalton Garrett,2022-12-13
Scott Mosley,2023-10-08
Victoria Wiggins,2020-04-22
Brian Cook,2022-02-24
Martha Foster,2024-10-30
Patrick Young,2020-01-14
Julie Nguyen,2022-01-21
Carmen Taylor,2023-10-13
Chris Valdez,2025-02-20
Emma Parker,2024-09-09
Justin Jackson,2021-04-21
Jose Reyes,2023-08-18
Tyrone Martin,2024-07-14
Micheal Crawford,2021-02-12
Kayla Fuller,2023-04-22
Tim Welch,2024-05-20
Brittney Walker,2025-04-27
Michael Reyes,2022-08-24
Chase Atkinson,2023-03-17
Caleb Miller,2025-04-10
Richard Acosta,2022-09-19
John Lynch,2020-05-04
Katie Ortiz,2022-12-16
Shelby Brown,2023-01-11
Sabrina Watts,2024-11-24
Lee White,2024-03-21
John Mckinney,2025-03-04
Michael Miller,2024-07-15
Steven Robertson,2024-09-24
Terry Smith,2020-09-18
Lisa Wright,2022-06-14
Michael Jackson,2020-06-10
Jennifer Olsen,2025-09-14
Jermaine Zimmerman,2024-12-29
Chelsea Keller DDS,2023-02-26
Dawn Gaines,2022-02-14
Tracy Hess,2020-08-04
Scott Peterson,2024-02-27
Adrian Pitts,2024-05-16
Brandon Obrien,2025-06-29
Paul Hines,2021-08-28
Michelle Morgan,2020-11-27
Morgan Carter,2021-11-26
Samantha Mccormick,2025-07-04
Suzanne Hughes,2022-06-30
Mr. Sean Powell,2023-06-14
Cynthia Wallace,2024-11-06
James Lopez,2021-08-07
Robin Hodges,2020-08-02
Maria Valdez,2021-02-05
Donna Scott,2023-05-16
Joshua Young,2020-12-13
Jeffrey Douglas,2025-04-03
Jennifer Parker,2021-05-14
Dr. Kimberly Miller,2025-06-29
Sandra Rivera,2021-04-16
Tammy Harris,2020-05-02
Tammy Matthews,2021-11-21
David Rivera,2022-12-18
Alicia Shaffer,2020-09-15
Michael Rogers,2021-04-19
Michelle Ramos,2022-12-24
Stephanie White,2020-03-31
Nathaniel Hensley,2021-02-03
Michael Campbell,2020-11-19
Patricia Kennedy,2024-01-18
Joshua Murphy,2025-08-10
Michael Wheeler,2020-11-01
Steven Matthews,2021-02-04
Kayla Villa,2025-02-13
Bobby Hunt,2023-12-15
Shane Hunt,2020-05-29
Jake Moore,2021-07-23
Stanley Rivera,2022-06-24
Tara Mitchell,2020-07-19
Tiffany Hall,2023-07-06
Casey English,2023-05-01
Natalie Watkins,2024-01-06
Derrick York,2024-11-19
Amber Collins,2023-12-01
David Ross,2020-05-01
Alexander Fox,2025-07-03
Beth Meyer,2023-02-02
Stacey Ramirez,2025-04-28
Kari Ortega,2022-07-03
Melissa Ellis,2024-12-28
Melissa Hickman,2023-01-29
Brian Patterson,2020-02-11
Paula Maynard,2023-09-28
Amanda Clark,2024-04-07
Benjamin Carlson,2020-02-22
Nancy Mckay,2022-01-20
Robert Erickson,2022-10-01
Paul Stanley,2023-02-11
Ernest Garner,2022-07-31
Jim Barajas,2024-07-11
Oscar Richards,2022-06-09
Marie Day,2023-11-24
Joanne Bartlett,2021-01-12
Anthony Rose,2025-03-30
Kari Eaton,2024-02-03
Brian Leach,2025-05-04
William Williams,2020-10-29
Danielle Wise,2025-01-25
Steven Anderson,2020-08-04
Marcus Simon,2022-03-03
Melissa Jones,2022-07-26
Marcus Robinson,2022-09-27
Leah Ford,2023-10-08
Jeffrey Carter,2022-11-13
Patricia Pittman,2021-07-03
Tonya Sims,2024-02-19
Angela Haney,2023-05-31
Mrs. Desiree Scott,2021-11-19
Cynthia Sweeney,2022-03-23
Joshua Sanders,2025-04-19
Christine Moore,2021-10-28
Joseph Gonzalez,2021-12-04
Kaitlyn Smith,2020-12-18
Jennifer Mckinney,2024-04-27
Brandon Carter,2024-10-31
David Vasquez,2022-01-11
Danielle Williams,2024-05-31
Catherine Lambert,2021-11-06
Aaron Shaw,2020-02-25
Eric Washington,2020-02-17
Matthew Brandt,2022-05-14
Maureen Walters,2020-07-08
Dominic Hobbs,2023-03-25
Jason Newman,2025-04-09
Ryan Larson,2021-12-17
Brooke Harris,2022-04-16
Monica Mcmillan,2022-07-16
Elizabeth Johnson,2023-04-16
Terri Hernandez,2021-01-14
Christine Drake,2025-03-08
Jennifer Martinez,2023-11-09
Abigail Andrews,2021-07-05
Marcus Jackson,2022-10-28
Diana Rodriguez,2025-03-17
Janet Carroll,2023-03-01
Ashley Hartman,2023-08-21
Ronald Anderson,2020-04-25
Terry Gonzales,2020-01-22
Kim Carlson,2021-11-27
John Stevenson,2022-06-17
Benjamin Simmons,2021-01-31
Thomas Lucas,2021-02-21
David Blair,2021-10-01
Robert Holmes,2022-11-27
Ashley Monroe,2023-09-01
Leslie Mendoza,2020-03-18
Timothy Reese,2021-12-09
Mrs. Erin Diaz MD,2022-07-27
Patricia Brown,2020-09-26
Jennifer Holloway,2020-07-30
David Gonzalez,2023-01-19
Alexis Hernandez,2025-08-27
Maria Morrison,2022-10-30
Jasmine Cruz,2022-02-27
Sarah Miller,2022-04-02
Angela Obrien,2022-02-20
Selena Franklin,2021-12-26
Jessica Davis,2023-07-03
Michelle Morales,2022-03-23
Kelly Harvey,2024-12-29
Wanda Taylor,2022-05-16
Brian Curtis,2020-10-26
Tristan Torres,2022-12-25
Stacy Clark,2022-03-18
Ms. Kimberly Martin,2023-12-22
Tyler Young,2020-04-17
Jennifer Ward,2024-01-11
Christopher Schmidt,2023-04-12
Melissa Martinez,2022-09-18
Wayne David,2020-06-11
John Hill,2020-10-02
Ms. Amy Blair,2024-04-18
Nathaniel Lewis,2024-05-31
Mrs. Amanda Dixon,2024-01-03
Christine Cisneros,2020-01-02
Daniel Gaines,2023-09-04
Sheryl Martin,2025-03-25
Candace Garcia,2023-02-05
David Wallace,2024-04-18
Angela Mcclure,2023-01-08
Kyle Murphy,2023-09-10
Rhonda Austin,2021-11-10
Samuel Lopez,2023-11-19
Dylan Sullivan,2025-04-13
Alyssa Madden,2023-08-30
James Stanley,2021-11-15
Nathaniel Sutton,2025-08-13
Deanna Hall,2020-12-25
Mr. Nathan Stephenson MD,2024-02-11
Gregory Shannon,2023-02-13
Johnny Cole,2021-04-27
Alejandra Goodman,2021-04-15
David Tyler,2024-12-01
Jacob Smith,2025-05-27
Dr. Lauren Anderson MD,2024-05-22
Nicole Miller,2022-12-23
Jose Chen,2024-09-17
Whitney Harris,2021-10-05
Barbara Bradford,2020-11-13
Kathleen Lee,2020-04-12
Christopher James,2022-01-01
Kimberly Oconnor,2025-07-31
Anthony Davidson,2020-08-21
Angelica Manning,2020-10-11
Pamela Jackson,2023-06-17
Whitney Whitney,2023-03-04
Annette Garcia,2025-01-31
Michael Kaiser,2023-05-19
Janet Richard,2025-07-06
Rachel Morris,2023-03-06
Kenneth Miller,2021-06-22
Michael Fisher,2024-07-23
Megan Herrera,2025-09-30
Benjamin Smith,2024-10-31
Roberto Frye,2020-05-01
Jean George,2025-08-21
Steven Marks,2023-07-15
David Russell,2022-07-02
Willie Myers,2021-07-14
Christy Goodman,2020-07-24
Elizabeth Alexander,2022-11-24
Scott Mcgee,2021-02-23
Gregory Jefferson,2020-09-18
James Meyer,2023-01-11
Christopher Cabrera,2024-09-07
Victoria Russell,2020-04-14
Tina Smith,2024-01-13
Kirk Cunningham,2024-01-08
Brett Swanson,2023-12-07
John Carpenter,2025-02-15
Michael Larsen,2021-01-23
Denise Kirk,2023-12-14
Russell Williams,2021-09-22
Shannon Nichols,2023-09-18
Lori Boyd,2024-05-15
Jennifer Tate,2023-04-11
Elizabeth Tran,2023-04-08
Karen Martin,2023-02-05
Anthony Gibson,2022-07-14
Angela Miller,2023-10-24
Jonathan Gallegos,2020-05-18
Richard Jones,2020-04-06
Jason Pineda,2025-05-20
Stephen Davila,2022-11-24
Steven Rhodes,2021-01-16
Susan Gomez,2021-01-27
Abigail Porter,2025-07-25
David Matthews,2025-08-23
Whitney Johnson,2024-12-13
Eddie Stewart,2025-09-02
Melissa Brown,2024-01-27
Laura Dominguez,2020-09-19
Brittany Crawford,2024-10-31
Beth Gilbert,2021-05-26
Shari Dyer,2025-04-26
Courtney Rose,2020-01-01
Carrie Mooney,2023-08-14
Maria Rivera,2022-10-06
Lawrence Bryant,2020-03-31
Lauren Neal,2022-10-25
Teresa Cooper,2022-04-21
Rose Hayes,2020-07-04
Christina Martin,2022-02-01
John White,2024-09-03
Michelle Giles,2022-07-11
Scott Owens,2025-06-13
Kyle Kelly PhD,2023-08-04
Erin Lyons,2020-11-03
Alexander Jackson,2024-05-01
Nathan Ryan,2025-09-08
Rebecca Morris,2024-05-29
Jonathan Kennedy,2023-06-13
William Brewer,2024-02-09
Sara Ibarra,2025-03-09
Maria Munoz,2025-10-06
Paul Abbott,2020-12-25
Christopher Adams,2024-01-06
Nicole Romero,2024-12-17
Richard Crosby,2023-03-07
Marissa Miller,2021-10-29
Timothy Prince,2025-03-02
Sara Davidson,2022-10-21
Robert Oconnell,2022-06-29
Alexis Valdez,2025-01-05
Jason Martin,2021-10-10
Alexis Johnson,2023-03-14
Jeffery Washington,2023-11-22
Johnny Franco,2023-12-08
Charles Hinton,2025-05-29
Mark Jackson,2022-04-02
Jason Walton,2025-06-02
Joseph Lane,2025-05-20
Kevin Rose,2022-10-30
Anna Payne,2021-06-23
Mrs. Madison Larson DDS,2021-11-12
Michael Davis,2020-01-21
William Brown,2022-04-15
Sarah Jennings,2024-12-23
Heidi Guerrero,2025-06-15
James Fitzgerald,2025-02-05
James Mccoy,2020-12-29
Abigail Armstrong,2025-06-13
Jenny Ball,2021-10-24
Jennifer Dillon,2022-02-25
Amy Perry,2021-04-21
Patricia Mccoy,2025-04-15
Katherine Lewis,2021-01-05
Clifford Chapman,2023-09-20
Michael Saunders,2024-04-02
Kevin Morris,2023-01-13
Patricia Robinson,2024-12-22
Hannah Gilbert,2025-09-15
Tracy Patterson,2022-08-17
Melody Lopez,2020-11-23
Sarah Garcia,2025-07-10
Zachary Clark,2022-05-19
Kevin Gonzalez,2023-05-31
Trevor English,2023-06-27
Albert Rollins,2020-01-12
John Munoz,2024-09-06
Darren Moore,2021-12-13
Samantha Russo,2025-09-07
Christopher Cervantes,2024-03-23
Jeffrey Tapia,2025-01-09
Sara Fischer DVM,2023-03-11
Autumn Arellano,2021-08-29
Shawn Reeves,2023-11-05
Lindsay Clark,2024-04-25
Dr. Melinda Friedman,2024-02-25
Christine Snyder,2025-03-25
Michael Jimenez,2023-07-17
Catherine Gordon,2023-09-21
Fred Stevens,2020-09-25
Crystal Ballard,2021-08-30
Jeremy Jackson,2022-10-04
Justin Lane,2021-03-29
Sarah Brown,2023-11-30
Dale Haynes,2022-10-20
Ethan Arias,2025-07-03
Emma Wright,2025-02-12
Jesse Williams,2020-07-09
Betty Shelton,2022-03-15
Lisa Fischer,2024-10-03
Justin Olson,2024-02-17
Steven Little,2025-01-13
Jasmine Lucas,2024-05-11
Benjamin Lopez,2022-05-23
Kendra Smith,2025-09-24
Johnny Warren,2021-01-25
Christopher Navarro,2023-11-08
Peter Thompson,2024-07-14
Ruth Atkins,2022-11-02
Lance Baker,2025-08-25
Tanya Montes,2023-10-25
Ryan Howe,2025-09-10
Mark Barnes,2021-08-27
Edward Patterson,2022-04-21
Matthew Palmer,2024-03-20
Meagan Rogers,2023-02-26
Christina Rhodes,2023-02-09
Philip Reid,2023-12-21
Michael Andersen,2021-05-08
Jeffrey Scott,2024-07-29
James Gray,2022-04-30
Jason Cole,2020-01-02
Jane Burns,2021-02-10
Melissa Lowery,2025-08-18
Veronica Reese,2020-06-25
Belinda Hawkins,2021-04-15
Daniel Chavez,2022-12-28
Anthony Morgan,2022-03-04
Mark Stone,2023-11-12
Matthew Day MD,2025-06-04
Joseph Hernandez,2021-10-07
Sarah Carlson,2021-06-19
Michael Simon,2024-05-06
Christine Moran,2022-12-28
David Rice,2023-09-12
Patricia Davis,2023-10-13
Jordan Brown,2022-11-24
William Miles,2024-12-09
Donna Russell,2023-12-28
Kevin Holmes,2023-05-30
Ellen Roy,2022-10-25
John Clark,2023-11-24
Keith Gonzalez,2022-01-17
Lauren Faulkner,2021-01-24
Kimberly Becker,2023-01-26
Lisa Merritt,2021-01-22
Sandra Brooks,2024-06-18
Sara Moore,2020-10-02
Sara Ross,2025-09-27
Kyle Montgomery,2021-02-20
Stephanie Caldwell,2022-07-06
Keith Solis,2021-12-07
Meagan Daniels,2020-05-31
Kimberly Collins,2025-07-05
Ashley Valenzuela,2021-07-26
Veronica Gaines,2020-07-13
Taylor Shields,2025-09-24
Jesse Blair,2021-07-16
Lisa Reeves,2024-04-18
Mary Thompson,2024-02-05
Virginia Best,2021-03-25
Carolyn Thompson,2023-10-14
James Howard,2021-09-01
Donald Curtis,2020-04-25
Karen Mitchell,2021-07-17
Eric Ward,2024-03-05
Andrea Edwards,2023-03-17
Paul Harris,2024-03-04
Darrell Howard,2023-08-01
Bryan Perry,2024-02-18
Derek Moore,2024-11-27
Elizabeth Hernandez,2024-05-20
Kenneth Lawrence,2023-05-23
Natalie Johnson,2023-12-25
Scott Williams,2021-02-07
William Gill,2022-10-22
Christopher Cole,2020-02-10
Michelle Woods,2022-10-29
Carol Scott,2022-03-03
Sarah Ortega,2025-03-28
Dawn Davis,2021-11-17
Billy Tran,2022-04-21
Andrew Cox,2025-08-16
Christopher Woods,2022-09-06
Mr. David Jones,2025-03-11
David Smith,2023-01-31
Sara Blevins,2021-02-16
Natalie Price,2024-08-07
Amy Johnson,2025-03-18
Jonathan Hudson,2021-08-14
Aaron Douglas,2021-11-11
Virginia Knox,2024-05-20
James Carr,2024-06-03
Jessica Williams,2024-11-03
Oscar Martin,2020-06-27
Sydney Flores,2021-11-13
John Hayes,2020-11-01
Carol Shepard,2024-04-15
Amanda Bailey,2021-08-10
Dr. Kenneth Fischer,2020-12-15
Jeremy Hunt,2023-12-30
Austin Snow,2024-07-29
Tracy Moore,2020-05-17
Connor Morris,2024-07-04
Jasmine Mccoy,2021-12-06
Heidi Haynes,2023-01-21
William Armstrong,2025-03-18
Adam Ponce,2022-12-30
Leslie Ward,2024-11-01
Cody Smith,2022-08-24
Michael West,2024-08-31
Michael Gallegos,2023-03-02
Phillip Silva,2024-11-02
Katherine Odom,2022-06-29
Nicole Perez,2020-07-31
Gregory Cooper,2022-03-27
Samantha Potter,2020-03-02
Rebecca Thomas,2024-02-04
Dylan Roberts,2024-10-07
Steven Morris,2022-09-09
Meghan Scott,2022-05-03
Adrienne White,2024-04-04
Michael Garrison,2024-10-05
Rhonda Jimenez,2022-12-05
Alexandra Solis,2022-08-09
Sandra Hawkins,2021-07-03
Brittney Burns,2021-10-03
Sonya Avery,2021-01-15
Randy Adams,2024-04-22
Joseph Wiley,2024-08-30
Laura Harris,2021-06-18
Herbert Barrett,2023-08-06
Peter Black,2023-10-20
Julie Mccarthy,2024-08-08
Leah Perry,2023-07-19
Kimberly Stewart,2021-03-11
Teresa Rodriguez,2023-05-20
Rebecca Frey,2022-04-12
Haley Davis,2020-06-28
Regina Murray MD,2021-03-23
Elizabeth Taylor,2023-03-02
Oscar Johnson,2025-01-18
Ernest Williams,2025-07-25
Samantha Davidson,2020-01-05
Matthew Patel,2025-05-26
Christopher Brooks,2020-10-09
Michael Velazquez,2022-11-06
Zachary Smith,2021-05-18
Lisa Flores,2023-08-20
Paul Brooks,2023-09-09
Richard Watson,2020-05-20
Dana Berry,2023-01-13
Dr. Andrea Pineda,2025-07-09
Alexandra Collins,2020-03-17
Matthew Hoffman,2022-10-27
Katrina Reyes,2024-05-28
Robin Evans,2025-05-31
Kelly Smith,2025-06-03
Sara Owens,2020-05-02
Steven Williams,2022-12-25
Brandon Thomas,2020-05-06
Jenna Lyons,2024-02-25
Michelle Reeves,2020-10-16
Nathan Graves,2023-08-21
Kimberly Burke,2021-03-15
Richard Horne,2025-06-23
Charlene Stark,2022-08-20
John Nash,2022-10-30
Mary Murphy,2020-09-23
Cynthia Bartlett,2020-03-12
Michael Kennedy,2023-09-14
Veronica Green,2022-09-26
Madison Davis,2024-07-14
Tom Davis,2020-06-30
Jennifer Santiago,2021-11-22
Brenda Bryant,2023-08-25
Jessica Pena,2024-02-25
Melissa Bennett,2025-03-19
Courtney Peterson,2023-03-26
Victoria Bishop,2020-11-13
Eric Johnson,2025-04-17
Rachel Foster,2023-09-02
Antonio Weaver,2021-02-22
Teresa Cardenas,2021-11-04
Alexander Nelson,2022-05-26
Scott Bates,2023-09-08
Anthony Robinson,2020-04-01
Sonya Murphy,2024-08-20
Tiffany Parker,2024-11-21
Kenneth Diaz,2020-04-20
Gordon Bradshaw,2022-03-25
Christina Christian,2020-05-21
David Snyder,2020-09-11
Megan Gonzalez,2021-02-08
Ann Pace,2020-12-01
Steve Salazar,2020-02-18
Victoria Ellis,2020-03-11
Jennifer Jones,2022-01-13
Meagan Walker,2022-03-04
Bonnie Washington,2025-04-16
Lisa Davis,2022-09-28
Claudia Poole,2020-04-28
Courtney Schmitt,2021-02-14
Kevin Jackson,2022-04-29
Timothy Hall,2021-05-08
Susan Jackson,2020-09-09
Michael Brandt,2022-07-10
Amanda Bennett,2025-04-28
George Williams,2022-10-30
Russell White,2023-07-23
Shelia Carter,2023-04-11
Thomas Calderon,2020-07-11
Eric Brown,2022-12-30
Thomas Powers,2021-08-12
William Roberts,2023-05-30
Brandi Gross,2024-10-02
Brian Harper,2025-01-29
Jessica Martinez,2023-02-24
Dustin Gonzalez,2023-01-11
Linda White,2021-08-28
Stacy Murphy,2021-02-10
Dennis Goodwin,2021-08-03
Cheryl Choi,2023-03-14
Brian Jacobson,2022-01-13
Lisa Adams,2023-10-03
Bethany Miller,2023-02-15
Benjamin Sherman,2022-07-18
James Ramsey,2021-10-22
Aaron Humphrey,2021-09-25
Matthew Mack,2022-01-25
William Wall,2020-06-24
Jessica Miller,2020-09-08
Michael Reynolds,2024-05-27
Mark Jones,2020-02-01
Mary Martinez,2024-08-23
Richard Gonzales,2020-08-07
Barbara Sparks,2020-03-25
Linda Young,2025-09-25
Andrew Chapman,2024-12-20
Trevor Zamora,2021-04-12
Brian Garrison,2022-10-02
Jennifer Nichols,2022-01-07
Luke Arias,2023-08-12
John Martin,2024-02-06
Gina Day,2021-01-28
David Smith,2024-03-01
David Cunningham,2022-08-08
Zachary Hernandez,2023-08-11
Brett Ortiz,2024-07-22
Becky Knight,2021-07-23
Mr. Douglas Duncan,2020-11-21
Jose Wagner,2024-09-15
Emily Wilson,2024-08-02
Cassandra Davis,2023-05-17
Matthew Edwards,2024-03-07
Tara Alexander,2021-07-08
David Gibson,2025-05-19
Jennifer Williams,2023-11-29
David Smith,2023-07-03
Michelle Serrano,2024-06-22
Stephanie Alvarado,2024-06-17
Beth Boyd,2025-07-26
Lisa Brooks,2024-09-21
John Johns,2022-07-28
Courtney King,2021-04-05
George Myers,2022-11-13
Robin Morgan,2024-05-25
Jillian Smith,2024-01-18
David Gray,2023-02-09
Daniel Graham,2022-11-07
Michael Nunez,2020-07-13
Zachary Reynolds,2021-02-07
Allen Walton,2021-04-27
Heather Wang,2021-08-09
Kelly Coleman,2022-04-20
Christopher Jenkins,2024-01-28
Justin Flores,2024-05-01
Susan Weiss,2021-01-30
David Odom,2023-02-15
John Mullen,2020-07-12
Cynthia Lopez,2021-09-21
William Moreno,2023-02-19
Beverly Johnson,2024-07-24
Carolyn Gonzalez MD,2024-04-21
Michele Gordon,2023-02-11
Christine Anderson,2025-09-22
Corey Sanchez,2020-06-07
Kathleen Valdez,2024-10-06
Brian Martinez,2025-06-16
Richard Li,2023-06-08
Mary Bradford,2024-07-10
Latoya Smith,2025-10-03
Elizabeth Holmes,2020-05-01
Lisa Bailey,2023-12-30
Timothy Palmer,2025-07-14
Bryan Choi,2020-07-26
Margaret Hatfield,2024-06-29
Nicole Gilbert,2021-08-11
David Pittman,2024-11-05
Andrew Hopkins,2025-05-13
Michael Myers,2022-12-15
Lori Norman,2020-08-14
Joel Charles,2023-04-14
Mark Patterson,2022-12-08
John Neal,2022-01-20
Anna Charles,2024-05-01
Mark Jones,2025-10-02
Sara Lewis,2021-04-12
Kathleen Ferguson,2022-11-07
David Holder,2023-10-23
Jeffrey Duran,2025-06-27
Tyler Rodriguez,2023-06-28
Kristina Smith,2025-04-23
Stacey Daugherty,2025-01-10
Ashley Hill,2024-03-07
Caitlin Coffey,2024-02-28
David Perry,2020-01-31
Jessica Dawson,2022-09-21
Shannon Terrell,2025-01-12
Stephanie Harris,2022-02-16
Dennis Escobar,2024-08-10
Jeffrey Fletcher,2022-06-10
George Watson,2024-07-18
Thomas Turner,2025-08-15
Nicholas Lucas,2021-02-01
Christian Escobar,2022-06-20
Daniel Bowen,2024-03-12
Colin Nelson,2023-03-25
Wendy Moore,2024-12-11
Carol Williams,2022-09-12
Melanie Richards,2024-07-09
Kevin Moore,2024-06-18
Taylor Jackson,2024-10-06
Paul Butler,2021-02-08
Eric Strong,2023-11-15
Katrina Rose,2020-09-04
Samuel Gallegos,2022-10-11
Mark Morris,2020-05-29
Misty Owens,2021-02-23
Lauren Davis,2024-11-18
Jennifer Simmons,2023-04-30
Tracey Barker,2025-08-12
Sheri Johnson,2024-06-17
Mrs. Jessica Shields,2020-06-21
Sean Arnold,2021-07-11
Melissa Nixon,2023-02-18
Bryan White DDS,2024-05-07
John Taylor,2024-07-29
Eric Burke,2024-03-25
Amber Jenkins,2024-04-14
Denise Guzman,2022-01-02
John Malone,2025-08-25
Edward Parker,2021-12-04
Jennifer Rice,2022-12-29
Amanda Garcia,2022-09-02
Justin Cox,2025-09-08
Kevin Hines,2021-03-03
Jeffrey Grant,2024-07-16
Lauren Mcbride,2020-09-21
Helen Baxter,2022-10-05
Allison Garcia,2020-11-17
Terry Thomas,2024-07-27
Stephen Morgan,2025-07-17
Wesley Carter,2022-09-29
Robert Vaughn,2023-07-01
Jeffrey Roberts,2025-09-06
Jane Barrett,2021-12-21
Ashley Sanders,2024-04-27
Nicholas Lamb,2024-03-21
Joanne White,2021-12-09
Laura Harper,2020-06-15
Brent Jones,2025-08-31
Kenneth Smith,2022-01-26
Kelly Miller,2025-04-10
Marvin Miller,2022-10-20
Tanya Griffin,2021-07-18
Karen Silva,2020-11-17
Larry Rice,2023-01-02
Mackenzie Williams,2025-05-16
Allison Miller,2024-04-18
Charles Bird,2021-08-20
Melanie Vasquez,2025-03-03
Kimberly Griffith,2022-02-01
Lauren Smith,2020-07-10
Sandra Thornton,2023-02-22
William Robinson,2023-01-03
Kyle Barrett,2021-02-19
Dr. Joel Santiago,2021-09-19
Debra Barnes,2024-12-03
Mary Fisher,2022-02-09
Christopher Crawford,2024-05-23
Danielle Phillips,2020-03-26
Amanda Howell,2022-06-18
Edward Odonnell,2024-07-28
Angela Sparks,2025-08-17
Benjamin Wilson,2020-06-23
Shawn Collins,2021-01-14
Richard Ramirez,2024-11-01
Allison Smith,2025-07-10
Anthony Brown,2024-11-08
Alicia Cochran,2024-10-01
Dustin Robertson,2025-03-27
Scott Wilson,2025-03-03
Christina Valenzuela,2020-12-26
Martin Warren,2023-11-15
Donald Watson,2023-08-20
Kathy Morales,2020-09-22
Thomas Manning,2020-12-10
Roger Bray,2023-06-18
Michael May,2021-04-02
Tammy Gill,2025-05-21
Tyler Bush,2022-04-11
Gregory Smith,2023-08-31
Stephanie Williams,2025-03-15
Thomas Hinton,2023-05-03
Steven Buckley,2021-05-24
Eddie Lyons,2020-02-07
Cynthia Bailey,2022-05-12
Gregory Williams,2024-05-29
James Morales,2021-09-16
Dr. Richard Martinez,2022-05-14
Joanna Lawson,2020-10-15
Seth Franco,2023-09-17
Linda Madden,2025-06-02
Laura Snyder,2024-12-13
Justin King,2024-06-18
Steven Meyers,2022-10-16
Lisa Stephens,2024-04-15
Veronica Gonzalez,2025-01-19
Alexandra Ross,2022-06-29
Kara King,2021-07-22
Dr. Daniel Wheeler MD,2023-03-08
Ryan Turner,2024-11-24
Dalton Sullivan,2021-01-04
Eric West,2024-06-22
Douglas Robinson,2021-05-26
Rachel Robertson,2021-01-13
John Perez,2020-11-12
Kathleen Foster,2021-01-13
Gabriela Powers,2023-10-20
Lisa Martinez,2024-06-01
Margaret Thompson,2023-11-19
Anthony Dorsey,2020-02-05
Courtney Butler,2023-04-20
Shawn Green,2021-03-27
Dustin Henson,2022-04-28
Ashley Patrick,2025-04-22
Bryan Morales,2020-05-22
Alyssa Petersen,2023-05-26
Jason Reyes,2023-12-18
Samantha Sheppard PhD,2021-01-04
Denise Norris,2024-09-27
Theresa Watts,2023-08-31
Anna Manning,2023-12-29
Amanda Singh MD,2025-06-09
Natasha Johnson,2021-12-10
Brianna Garza,2021-11-24
