rider_name,reg_date
Elizabeth Miller,2022-03-09
Dr. Gina Hudson MD,2023-11-03
Anne Gardner,2023-07-23
Angela Morrison,2024-09-27
Jordan Coleman,2025-09-29
Wayne Garza,2024-07-23
Elizabeth Brown,2020-10-04
Jennifer Stewart,2024-06-11
Brian White,2023-11-01
James Ross,2020-12-01
Mitchell Massey,2025-09-11
Sarah Roberts,2021-11-24
Laura Adams,2023-04-02
Julie Goodman,2022-09-08
Dana Burke,2022-03-27
Suzanne Rivera,2024-08-06
Ricky Davis,2020-10-08
Sharon Merritt,2021-05-17
Raymond Montgomery,2021-05-06
Brian Kim,2020-06-05
Samantha Lawson,2023-12-21
Nicholas Marquez,2024-12-05
Jeff Cox,2021-08-20
Evelyn Brown,2023-01-14
Matthew Palmer,2020-01-07
Jeffrey Bennett,2025-09-02
Tiffany Oliver,2020-12-04
Robert Cole,2022-03-25
James Johnson,2025-04-28
Jeffrey Lopez,2021-07-03
James Hensley,2022-02-23
Michael Contreras,2022-01-06
Annette Williams,2024-03-30
Tammy Price,2025-06-24
Wyatt Parker,2020-01-27
Richard Hansen,2024-06-12
Mr. Mark King,2023-03-12
Justin Young,2020-01-10
Kevin Young,2022-05-24
James Fisher,2024-12-10
Mr. Matthew Brady,2024-10-18
Sarah Donovan,2025-07-13
Carolyn Morris,2024-06-12
Christopher Gibson,2025-07-15
Donald Guzman,2021-10-15
Melissa Ward,2023-12-15
James Watson,2025-04-16
Larry Scott,2020-12-13
Colton Mcfarland,2020-02-20
Eric Conner,2020-02-14
Amanda Burnett,2025-08-09
Hannah Alexander,2020-09-19
Sarah Thomas,2022-09-02
Roy Ayala,2023-04-16
Emily Murphy,2021-03-22
Zachary Bowers,2022-01-24
Kelly Nelson,2020-06-29
Victoria Moreno,2022-09-18
Elizabeth Trevino,2025-03-17
Michael Roberts,2022-06-09
Terry Santos,2021-10-29
Paul Rhodes,2020-04-07
Cynthia Hall,2025-02-02
Denise Hutchinson,2023-05-10
April Taylor,2023-02-07
Louis Weber,2022-02-15
Joshua Jacobs,2020-07-05
Lucas Mills,2024-01-12
Ashley Fox,2022-04-20
Alexis Moore,2024-09-13
